element_code,name,minutes,points,source,canonical_playerId,canonical_name,method
17349,Aaron Lennon,2361,99,data/2016-17/players/Aaron_Lennon/history.csv,17349,Aaron Lennon,SHARED_ELEMENT_CODE
19151,Chris Brunt,3012,130,data/2016-17/players/Chris_Brunt/history.csv,19151,Chris Brunt,SHARED_ELEMENT_CODE
9047,Glen Johnson,2437,100,data/2016-17/players/Glen_Johnson/history.csv,9047,Glen Johnson,SHARED_ELEMENT_CODE
49438,Jordon Mutch,243,9,data/2016-17/players/Jordon_Mutch/history.csv,49438,Jordon Mutch,SHARED_ELEMENT_CODE
1718,John Terry,2961,134,data/2016-17/players/John_Terry/history.csv,1718,John Terry,SHARED_ELEMENT_CODE
19057,Sebastian Larsson,2833,116,data/2016-17/players/Sebastian_Larsson/history.csv,19057,Sebastian Larsson,SHARED_ELEMENT_CODE
49013,Victor Moses,815,42,data/2016-17/players/Victor_Moses/history.csv,49013,Victor Moses,SHARED_ELEMENT_CODE
28554,Samir Nasri,2383,134,data/2016-17/players/Samir_Nasri/history.csv,28554,Samir Nasri,SHARED_ELEMENT_CODE
40399,Sam Vokes,31,2,data/2016-17/players/Sam_Vokes/history.csv,40399,Sam Vokes,SHARED_ELEMENT_CODE
54102,Jack Wilshere,2640,93,data/2016-17/players/Jack_Wilshere/history.csv,54102,Jack Wilshere,SHARED_ELEMENT_CODE
28468,Craig Gardner,2216,92,data/2016-17/players/Craig_Gardner/history.csv,28468,Craig Gardner,SHARED_ELEMENT_CODE
12679,Michael Dawson,2160,77,data/2016-17/players/Michael_Dawson/history.csv,12679,Michael Dawson,SHARED_ELEMENT_CODE
40725,Danny Simpson,2685,70,data/2016-17/players/Danny_Simpson/history.csv,40725,Danny Simpson,SHARED_ELEMENT_CODE
50472,James McCarthy,1976,75,data/2016-17/players/James_McCarthy/history.csv,50472,James McCarthy,SHARED_ELEMENT_CODE
66797,Simon Mignolet,2070,83,data/2016-17/players/Simon_Mignolet/history.csv,66797,Simon Mignolet,SHARED_ELEMENT_CODE
11334,Petr Cech,3420,158,data/2016-17/players/Petr_Cech/history.csv,11334,Petr Cech,SHARED_ELEMENT_CODE
19556,David Jones,951,30,data/2016-17/players/David_Jones/history.csv,19556,David Jones,SHARED_ELEMENT_CODE
15157,James Milner,2134,97,data/2016-17/players/James_Milner/history.csv,15157,James Milner,SHARED_ELEMENT_CODE
49384,Jack Rodwell,1420,41,data/2016-17/players/Jack_Rodwell/history.csv,49384,Jack Rodwell,SHARED_ELEMENT_CODE
75773,Chung-yong Lee,2186,99,data/2016-17/players/Chung-yong_Lee/history.csv,75773,Lee Chung-yong,SHARED_ELEMENT_CODE
37869,Ryan Shawcross,3196,92,data/2016-17/players/Ryan_Shawcross/history.csv,37869,Ryan Shawcross,SHARED_ELEMENT_CODE
20467,Theo Walcott,1691,133,data/2016-17/players/Theo_Walcott/history.csv,20467,Theo Walcott,SHARED_ELEMENT_CODE
40146,Ryan Bertrand,35,4,data/2016-17/players/Ryan_Bertrand/history.csv,40146,Ryan Bertrand,SHARED_ELEMENT_CODE
40387,Dan Gosling,1,1,data/2016-17/players/Dan_Gosling/history.csv,40387,Dan Gosling,SHARED_ELEMENT_CODE
37096,Lukasz Fabianski,1260,55,data/2016-17/players/Lukasz_Fabianski/history.csv,37096,Lukasz Fabianski,SHARED_ELEMENT_CODE
17997,Phil Bardsley,2820,123,data/2016-17/players/Phil_Bardsley/history.csv,17997,Phil Bardsley,SHARED_ELEMENT_CODE
41184,Marouane Fellaini,1652,56,data/2016-17/players/Marouane_Fellaini/history.csv,41184,Marouane Fellaini,SHARED_ELEMENT_CODE
91979,Jon Flanagan,620,21,data/2016-17/players/Jon_Flanagan/history.csv,91979,Jon Flanagan,SHARED_ELEMENT_CODE
42427,Kieran Gibbs,348,7,data/2016-17/players/Kieran_Gibbs/history.csv,42427,Kieran Gibbs,SHARED_ELEMENT_CODE
28147,Mohamed Diamé,2633,79,data/2016-17/players/Mohamed_Diamé/history.csv,28147,Mohamed Diamé,SHARED_ELEMENT_CODE
15944,Michael Kightly,162,4,data/2016-17/players/Michael_Kightly/history.csv,15944,Michael Kightly,SHARED_ELEMENT_CODE
18656,Heurelho Gomes,2700,108,data/2016-17/players/Heurelho_Gomes/history.csv,18656,Heurelho Gomes,SHARED_ELEMENT_CODE
7958,Jermain Defoe,1479,56,data/2016-17/players/Jermain_Defoe/history.csv,7958,Jermain Defoe,SHARED_ELEMENT_CODE
40755,Daniel Sturridge,1131,78,data/2016-17/players/Daniel_Sturridge/history.csv,40755,Daniel Sturridge,SHARED_ELEMENT_CODE
28541,Fraizer Campbell,225,8,data/2016-17/players/Fraizer_Campbell/history.csv,28541,Fraizer Campbell,SHARED_ELEMENT_CODE
8380,James Collins,2854,104,data/2016-17/players/James_Collins/history.csv,8380,James Collins,SHARED_ELEMENT_CODE
59949,Seamus Coleman,2256,116,data/2016-17/players/Seamus_Coleman/history.csv,59949,Séamus Coleman,SHARED_ELEMENT_CODE
7525,Steven Pienaar,2060,66,data/2016-17/players/Steven_Pienaar/history.csv,7525,Steven Pienaar,SHARED_ELEMENT_CODE
1801,Paul Robinson,3195,127,data/2016-17/players/Paul_Robinson/history.csv,1801,Paul Robinson,SHARED_ELEMENT_CODE
19115,Curtis Davies,338,5,data/2016-17/players/Curtis_Davies/history.csv,19115,Curtis Davies,SHARED_ELEMENT_CODE
40616,Stephen Ward,2396,66,data/2016-17/players/Stephen_Ward/history.csv,40616,Stephen Ward,SHARED_ELEMENT_CODE
16045,Ben Watson,2124,85,data/2016-17/players/Ben_Watson/history.csv,16045,Ben Watson,SHARED_ELEMENT_CODE
12002,Stewart Downing,3385,163,data/2016-17/players/Stewart_Downing/history.csv,12002,Stewart Downing,SHARED_ELEMENT_CODE
11829,Wayne Routledge,996,34,data/2016-17/players/Wayne_Routledge/history.csv,11829,Wayne Routledge,SHARED_ELEMENT_CODE
58621,Kyle Walker,1341,51,data/2016-17/players/Kyle_Walker/history.csv,58621,Kyle Walker,SHARED_ELEMENT_CODE
43250,Tom Cleverley,1637,72,data/2016-17/players/Tom_Cleverley/history.csv,43250,Tom Cleverley,SHARED_ELEMENT_CODE
28448,Lee Cattermole,1921,44,data/2016-17/players/Lee_Cattermole/history.csv,28448,Lee Cattermole,SHARED_ELEMENT_CODE
51938,Marc Albrighton,1800,99,data/2016-17/players/Marc_Albrighton/history.csv,51938,Marc Albrighton,SHARED_ELEMENT_CODE
53371,David Meyler,259,5,data/2016-17/players/David_Meyler/history.csv,53371,David Meyler,SHARED_ELEMENT_CODE
2404,Michael Carrick,1972,61,data/2016-17/players/Michael_Carrick/history.csv,2404,Michael Carrick,SHARED_ELEMENT_CODE
58786,Martin Kelly,860,42,data/2016-17/players/Martin_Kelly/history.csv,58786,Martin Kelly,SHARED_ELEMENT_CODE
28495,John Obi Mikel,2204,67,data/2016-17/players/John Obi_Mikel/history.csv,28495,John Obi Mikel,SHARED_ELEMENT_CODE
51507,Laurent Koscielny,2617,85,data/2016-17/players/Laurent_Koscielny/history.csv,51507,Laurent Koscielny,SHARED_ELEMENT_CODE
48717,Winston Reid,407,5,data/2016-17/players/Winston_Reid/history.csv,48717,Winston Reid,SHARED_ELEMENT_CODE
18073,Mark Noble,2140,78,data/2016-17/players/Mark_Noble/history.csv,18073,Mark Noble,SHARED_ELEMENT_CODE
19419,Gary Cahill,3213,105,data/2016-17/players/Gary_Cahill/history.csv,19419,Gary Cahill,SHARED_ELEMENT_CODE
80179,Adam Forshaw,9,1,data/2016-17/players/Adam_Forshaw/history.csv,80179,Adam Forshaw,SHARED_ELEMENT_CODE
19197,Jason Puncheon,647,32,data/2016-17/players/Jason_Puncheon/history.csv,19197,Jason Puncheon,SHARED_ELEMENT_CODE
3736,John O'Shea,1541,71,data/2016-17/players/John_O'Shea/history.csv,3736,John O'Shea,SHARED_ELEMENT_CODE
54771,Fabio Pereira da Silva,559,26,data/2016-17/players/Fabio Pereira_da Silva/history.csv,54771,Fábio,SHARED_ELEMENT_CODE
20664,David Silva,2551,144,data/2016-17/players/David_Silva/history.csv,20664,David Silva,SHARED_ELEMENT_CODE
49413,James Tomkins,1579,41,data/2016-17/players/James_Tomkins/history.csv,49413,James Tomkins,SHARED_ELEMENT_CODE
15633,Alex Baptiste,1731,41,data/2016-17/players/Alex_Baptiste/history.csv,15633,Alex Baptiste,SHARED_ELEMENT_CODE
27707,Darron Gibson,657,21,data/2016-17/players/Darron_Gibson/history.csv,27707,Darron Gibson,SHARED_ELEMENT_CODE
61858,Mame Biram Diouf,1615,59,data/2016-17/players/Mame Biram_Diouf/history.csv,61858,Mame Biram Diouf,SHARED_ELEMENT_CODE
50175,Danny Welbeck,1756,79,data/2016-17/players/Danny_Welbeck/history.csv,50175,Danny Welbeck,SHARED_ELEMENT_CODE
1632,Gareth Barry,2702,90,data/2016-17/players/Gareth_Barry/history.csv,1632,Gareth Barry,SHARED_ELEMENT_CODE
19188,Scott Dann,1800,67,data/2016-17/players/Scott_Dann/history.csv,19188,Scott Dann,SHARED_ELEMENT_CODE
7645,Phil Jagielka,2796,104,data/2016-17/players/Phil_Jagielka/history.csv,7645,Phil Jagielka,SHARED_ELEMENT_CODE
76359,Phil Jones,2175,70,data/2016-17/players/Phil_Jones/history.csv,76359,Phil Jones,SHARED_ELEMENT_CODE
37748,Bacary Sagna,2969,111,data/2016-17/players/Bacary_Sagna/history.csv,37748,Bacary Sagna,SHARED_ELEMENT_CODE
17878,Cesc Fàbregas,1880,128,data/2016-17/players/Cesc_Fàbregas/history.csv,17878,Cesc Fàbregas,SHARED_ELEMENT_CODE
39104,Mousa Dembélé,1916,81,data/2016-17/players/Mousa_Dembélé/history.csv,39104,Mousa Dembélé,SHARED_ELEMENT_CODE
28654,Martin Olsson,2373,80,data/2016-17/players/Martin_Olsson/history.csv,28654,Martin Olsson,SHARED_ELEMENT_CODE
40349,Asmir Begovic,2520,108,data/2016-17/players/Asmir_Begovic/history.csv,40349,Asmir Begovic,SHARED_ELEMENT_CODE
14664,Gnegneri Yaya Touré,2966,146,data/2016-17/players/Gnegneri Yaya_Touré/history.csv,14664,Yaya Touré,SHARED_ELEMENT_CODE
61538,Callum McManaman,14,3,data/2016-17/players/Callum_McManaman/history.csv,61538,Callum McManaman,SHARED_ELEMENT_CODE
41338,Craig Cathcart,2387,59,data/2016-17/players/Craig_Cathcart/history.csv,41338,Craig Cathcart,SHARED_ELEMENT_CODE
20658,Pablo Zabaleta,1947,102,data/2016-17/players/Pablo_Zabaleta/history.csv,20658,Pablo Zabaleta,SHARED_ELEMENT_CODE
15276,Joey Barton,2878,131,data/2016-17/players/Joey_Barton/history.csv,15276,Joey Barton,SHARED_ELEMENT_CODE
41270,David Luiz Moreira Marinho,953,56,data/2016-17/players/David_Luiz Moreira Marinho/history.csv,41270,David Luiz,SHARED_ELEMENT_CODE
50229,Matt Phillips,1050,51,data/2016-17/players/Matt_Phillips/history.csv,50229,Matt Phillips,SHARED_ELEMENT_CODE
20481,Stephen Ireland,555,17,data/2016-17/players/Stephen_Ireland/history.csv,20481,Stephen Ireland,SHARED_ELEMENT_CODE
3773,Peter Crouch,1945,92,data/2016-17/players/Peter_Crouch/history.csv,3773,Peter Crouch,SHARED_ELEMENT_CODE
17336,Gaël Clichy,2970,109,data/2016-17/players/Gaël_Clichy/history.csv,17336,Gaël Clichy,SHARED_ELEMENT_CODE
44302,Adlène Guédioura,368,21,data/2016-17/players/Adlène_Guédioura/history.csv,44302,Adlène Guédioura,SHARED_ELEMENT_CODE
12150,Glenn Whelan,1357,50,data/2016-17/players/Glenn_Whelan/history.csv,12150,Glenn Whelan,SHARED_ELEMENT_CODE
41135,Branislav Ivanovic,2827,144,data/2016-17/players/Branislav_Ivanovic/history.csv,41135,Branislav Ivanovic,SHARED_ELEMENT_CODE
20695,Antonio Valencia,742,42,data/2016-17/players/Antonio_Valencia/history.csv,20695,Antonio Valencia,SHARED_ELEMENT_CODE
7551,Joleon Lescott,1883,103,data/2016-17/players/Joleon_Lescott/history.csv,7551,Joleon Lescott,SHARED_ELEMENT_CODE
56872,Junior Stanislas,348,16,data/2016-17/players/Junior_Stanislas/history.csv,56872,Junior Stanislas,SHARED_ELEMENT_CODE
18008,James Morrison,2268,89,data/2016-17/players/James_Morrison/history.csv,18008,James Morrison,SHARED_ELEMENT_CODE
55909,Chris Smalling,1086,51,data/2016-17/players/Chris_Smalling/history.csv,55909,Chris Smalling,SHARED_ELEMENT_CODE
20208,Charlie Adam,3049,192,data/2016-17/players/Charlie_Adam/history.csv,20208,Charlie Adam,SHARED_ELEMENT_CODE
42493,Mario Balotelli,1090,55,data/2016-17/players/Mario_Balotelli/history.csv,42493,Mario Balotelli,SHARED_ELEMENT_CODE
32318,Marc Wilson,1855,56,data/2016-17/players/Marc_Wilson/history.csv,32318,Marc Wilson,SHARED_ELEMENT_CODE
38290,Danny Rose,351,17,data/2016-17/players/Danny_Rose/history.csv,38290,Danny Rose,SHARED_ELEMENT_CODE
50471,James McArthur,557,21,data/2016-17/players/James_McArthur/history.csv,50471,James McArthur,SHARED_ELEMENT_CODE
12745,Leighton Baines,3420,178,data/2016-17/players/Leighton_Baines/history.csv,12745,Leighton Baines,SHARED_ELEMENT_CODE
37339,Ahmed Elmohamady,2457,109,data/2016-17/players/Ahmed_Elmohamady/history.csv,37339,Ahmed El Mohamady,SHARED_ELEMENT_CODE
15109,Tom Huddlestone,1162,46,data/2016-17/players/Tom_Huddlestone/history.csv,15109,Tom Huddlestone,SHARED_ELEMENT_CODE
39253,Jonas Olsson,2123,62,data/2016-17/players/Jonas_Olsson/history.csv,39253,Jonas Olsson,SHARED_ELEMENT_CODE
9089,Ben Foster,3369,153,data/2016-17/players/Ben_Foster/history.csv,9089,Ben Foster,SHARED_ELEMENT_CODE
13017,Wayne Rooney,2225,142,data/2016-17/players/Wayne_Rooney/history.csv,13017,Wayne Rooney,SHARED_ELEMENT_CODE
40142,Andy Carroll,2071,135,data/2016-17/players/Andy_Carroll/history.csv,40142,Andy Carroll,SHARED_ELEMENT_CODE
37642,Jonny Evans,1004,29,data/2016-17/players/Jonny_Evans/history.csv,37642,Jonny Evans,SHARED_ELEMENT_CODE
12813,Jonathan Walters,2341,109,data/2016-17/players/Jonathan_Walters/history.csv,12813,Jonathan Walters,SHARED_ELEMENT_CODE
17476,Vincent Kompany,3330,95,data/2016-17/players/Vincent_Kompany/history.csv,17476,Vincent Kompany,SHARED_ELEMENT_CODE
43191,Leiva Lucas,2858,81,data/2016-17/players/Leiva_Lucas/history.csv,43191,Lucas Leiva,SHARED_ELEMENT_CODE
41792,Aaron Ramsey,355,18,data/2016-17/players/Aaron_Ramsey/history.csv,41792,Aaron Ramsey,SHARED_ELEMENT_CODE
12413,Robert Huth,3110,138,data/2016-17/players/Robert_Huth/history.csv,12413,Robert Huth,SHARED_ELEMENT_CODE
56979,Jordan Henderson,3211,133,data/2016-17/players/Jordan_Henderson/history.csv,56979,Jordan Henderson,SHARED_ELEMENT_CODE
28593,Victor Anichebe,769,19,data/2016-17/players/Victor_Anichebe/history.csv,28593,Victor Anichebe,SHARED_ELEMENT_CODE
12086,Boaz Myhill,540,12,data/2016-17/players/Boaz_Myhill/history.csv,12086,Boaz Myhill,SHARED_ELEMENT_CODE
82263,Marcos Alonso,360,7,data/2016-17/players/Marcos_Alonso/history.csv,82263,Marcos Alonso,SHARED_ELEMENT_CODE
42593,Aleksandar Kolarov,1719,60,data/2016-17/players/Aleksandar_Kolarov/history.csv,42593,Aleksandar Kolarov,SHARED_ELEMENT_CODE
14295,Darren Fletcher,2109,87,data/2016-17/players/Darren_Fletcher/history.csv,14295,Darren Fletcher,SHARED_ELEMENT_CODE
18892,Ashley Young,3050,160,data/2016-17/players/Ashley_Young/history.csv,18892,Ashley Young,SHARED_ELEMENT_CODE
41823,Fabian Delph,414,9,data/2016-17/players/Fabian_Delph/history.csv,41823,Fabian Delph,SHARED_ELEMENT_CODE
20066,Wayne Hennessey,2160,74,data/2016-17/players/Wayne_Hennessey/history.csv,20066,Wayne Hennessey,SHARED_ELEMENT_CODE
37742,Younes Kaboul,1632,46,data/2016-17/players/Younes_Kaboul/history.csv,37742,Younes Kaboul,SHARED_ELEMENT_CODE
15749,Joe Hart,3420,175,data/2016-17/players/Joe_Hart/history.csv,15749,Joe Hart,SHARED_ELEMENT_CODE
20480,Tim Krul,1856,51,data/2017-18/players/Tim_Krul/history.csv,20480,Tim Krul,SHARED_ELEMENT_CODE
50232,Jonjo Shelvey,340,18,data/2017-18/players/Jonjo_Shelvey/history.csv,50232,Jonjo Shelvey,SHARED_ELEMENT_CODE
5589,Dean Whitehead,2902,93,data/2017-18/players/Dean_Whitehead/history.csv,5589,Dean Whitehead,SHARED_ELEMENT_CODE
1243,Robert Green,3330,122,data/2017-18/players/Robert_Green/history.csv,1243,Robert Green,SHARED_ELEMENT_CODE
60689,Chris Wood,9,1,data/2017-18/players/Chris_Wood/history.csv,60689,Chris Wood,SHARED_ELEMENT_CODE
58771,Jack Colback,589,19,data/2017-18/players/Jack_Colback/history.csv,58771,Jack Colback,SHARED_ELEMENT_CODE
14075,Patrice Evra,2957,113,data/2017-18/players/Patrice_Evra/history.csv,14075,Patrice Evra,SHARED_ELEMENT_CODE
58845,Ciaran Clark,1569,51,data/2017-18/players/Ciaran_Clark/history.csv,58845,Ciaran Clark,SHARED_ELEMENT_CODE
83428,Grant Hanley,444,9,data/2017-18/players/Grant_Hanley/history.csv,83428,Grant Hanley,SHARED_ELEMENT_CODE
43020,Javier Hernández Balcázar,1491,110,data/2017-18/players/Javier_Hernández Balcázar/history.csv,43020,Chicharito,SHARED_ELEMENT_CODE
11735,Steve Sidwell,1063,45,data/2017-18/players/Steve_Sidwell/history.csv,11735,Steve Sidwell,SHARED_ELEMENT_CODE
79619,Jonathan Hogg,394,8,data/2017-18/players/Jonathan_Hogg/history.csv,79619,Jonathan Hogg,SHARED_ELEMENT_CODE
