archive_id,official_name,fpl_minutes,fpl_points,canonical_playerId,canonical_name,raw_minutes,method,score
1,Lukasz Fabianski,1260,55,37096,Lukasz Fabianski,1260.0,EXACT_NORMALIZED,1.0
2,Wojciech Szczesny,1350,62,59936,Wojciech Szczesny,1350.0,EXACT_NORMALIZED,1.0
3,Sebastien Squillaci,1820,55,13439,Sébastien Squillaci,1817.0,EXACT_NORMALIZED,1.0
4,Laurent Koscielny,2617,85,51507,Laurent Koscielny,2617.0,EXACT_NORMALIZED,1.0
5,Thomas Vermaelen,450,15,15943,Thomas Vermaelen,450.0,EXACT_NORMALIZED,1.0
6,Johan Djourou,1794,86,19160,Johan Djourou,1796.0,EXACT_NORMALIZED,1.0
7,Bacary Sagna,2969,111,37748,Bacary Sagna,2969.0,EXACT_NORMALIZED,1.0
8,Kieran Gibbs,348,7,42427,Kieran Gibbs,345.0,EXACT_NORMALIZED,1.0
13,Jack Wilshere,2640,93,54102,Jack Wilshere,2650.0,EXACT_NORMALIZED,1.0
14,Andrey Arshavin,2188,138,13227,Andrey Arshavin,2194.0,EXACT_NORMALIZED,1.0
15,Theo Walcott,1691,133,20467,Theo Walcott,1696.0,EXACT_NORMALIZED,1.0
17,Vassiriki Diaby,953,46,28566,Abou Diaby,962.0,MANUAL_ALIAS,0.98
18,Aaron Ramsey,355,18,41792,Aaron Ramsey,355.0,EXACT_NORMALIZED,1.0
19,Tomas Rosicky,939,30,8597,Tomas Rosicky,927.0,EXACT_NORMALIZED,1.0
20,Mikel Arteta,2405,101,8758,Mikel Arteta,2410.0,EXACT_NORMALIZED,1.0
26,Robin van Persie,1770,157,12297,Robin van Persie,1768.0,EXACT_NORMALIZED,1.0
27,Marouane Chamakh,1846,101,15675,Marouane Chamakh,1843.0,EXACT_NORMALIZED,1.0
31,Nicklas Bendtner,509,32,27697,Nicklas Bendtner,495.0,EXACT_NORMALIZED,1.0
35,Nathan Baker,247,5,52477,Nathan Baker,249.0,EXACT_NORMALIZED,1.0
36,Richard Dunne,2717,73,1764,Richard Dunne,2719.0,EXACT_NORMALIZED,1.0
37,Ciaran Clark,1569,51,58845,Ciaran Clark,1566.0,EXACT_NORMALIZED,1.0
38,James Collins,2854,104,8380,James Collins,2853.0,EXACT_NORMALIZED,1.0
39,Stephen Warnock,1710,38,13310,Stephen Warnock,1710.0,EXACT_NORMALIZED,1.0
40,Alan Hutton,1705,58,15405,Alan Hutton,1704.0,EXACT_NORMALIZED,1.0
42,Eric Lichaj,274,4,45139,Eric Lichaj,273.0,EXACT_NORMALIZED,1.0
45,Barry Bannan,640,21,59013,Barry Bannan,636.0,EXACT_NORMALIZED,1.0
46,Chris Herd,110,7,49493,Chris Herd,107.0,EXACT_NORMALIZED,1.0
47,Jean Makoun,551,8,15154,Jean Makoun,554.0,EXACT_NORMALIZED,1.0
48,Fabian Delph,414,9,41823,Fabian Delph,414.0,EXACT_NORMALIZED,1.0
49,Marc Albrighton,1800,99,51938,Marc Albrighton,1804.0,EXACT_NORMALIZED,1.0
51,Charles N'Zogbia,2785,167,18737,Charles N'Zogbia,2796.0,EXACT_NORMALIZED,1.0
58,Darren Bent,3142,158,10738,Darren Bent,3149.0,EXACT_NORMALIZED,1.0
59,Nathan Delfouneso,398,17,51484,Nathan Delfouneso,392.0,EXACT_NORMALIZED,1.0
60,Gabriel Agbonlahor,1603,55,27450,Gabriel Agbonlahor,1603.0,EXACT_NORMALIZED,1.0
61,Andreas Weimann,5,1,80979,Andreas Weimann,3.0,EXACT_NORMALIZED,1.0
63,Petr Cech,3420,158,11334,Petr Cech,3420.0,EXACT_NORMALIZED,1.0
66,Gary Cahill,3213,105,19419,Gary Cahill,3214.0,EXACT_NORMALIZED,1.0
67,David Luiz,953,56,41270,David Luiz,953.0,EXACT_NORMALIZED,1.0
68,Ryan Bertrand,35,4,40146,Ryan Bertrand,33.0,EXACT_NORMALIZED,1.0
69,John Terry,2961,134,1718,John Terry,2962.0,EXACT_NORMALIZED,1.0
70,Branislav Ivanovic,2827,144,41135,Branislav Ivanovic,2829.0,EXACT_NORMALIZED,1.0
71,Paulo Ferreira,1039,48,16734,Paulo Ferreira,1038.0,EXACT_NORMALIZED,1.0
72,Ashley Cole,3385,150,3785,Ashley Cole,3387.0,EXACT_NORMALIZED,1.0
75,Josh McEachran,180,9,88821,Josh McEachran,171.0,EXACT_NORMALIZED,1.0
76,Nascimento Ramires,1933,68,53392,Ramires,1943.0,MANUAL_ALIAS,0.98
77,Frank Lampard,2024,130,2051,Frank Lampard,2026.0,EXACT_NORMALIZED,1.0
78,Michael Essien,2797,105,8442,Michael Essien,2801.0,EXACT_NORMALIZED,1.0
79,Florent Malouda,2799,186,10425,Florent Malouda,2810.0,EXACT_NORMALIZED,1.0
80,Mikel,2204,67,28495,John Obi Mikel,2215.0,MANUAL_ALIAS,0.98
86,Yossi Benayoun,209,13,13594,Yossi Benayoun,203.0,EXACT_NORMALIZED,1.0
89,Fernando Torres,2655,128,14402,Fernando Torres,2658.0,EXACT_NORMALIZED,1.0
93,Tim Howard,3420,124,15337,Tim Howard,3420.0,EXACT_NORMALIZED,1.0
94,Johnny Heitinga,1888,50,10466,John Heitinga,1896.0,MANUAL_ALIAS,0.98
95,Phil Jagielka,2796,104,7645,Phil Jagielka,2796.0,EXACT_NORMALIZED,1.0
96,Tony Hibbert,1452,38,9007,Tony Hibbert,1450.0,EXACT_NORMALIZED,1.0
97,Leighton Baines,3420,178,12745,Leighton Baines,3420.0,EXACT_NORMALIZED,1.0
98,Sylvain Distin,3409,124,6219,Sylvain Distin,3411.0,EXACT_NORMALIZED,1.0
101,Adam Forshaw,9,1,80179,Adam Forshaw,7.0,EXACT_NORMALIZED,1.0
102,Jack Rodwell,1420,41,49384,Jack Rodwell,1412.0,EXACT_NORMALIZED,1.0
103,Leon Osman,1811,91,8378,Leon Osman,1808.0,EXACT_NORMALIZED,1.0
104,Tim Cahill,2016,117,3273,Tim Cahill,2016.0,EXACT_NORMALIZED,1.0
105,Marouane Fellaini,1652,56,41184,Marouane Fellaini,1654.0,EXACT_NORMALIZED,1.0
106,Phil Neville,2657,77,1821,Phil Neville,2665.0,EXACT_NORMALIZED,1.0
107,Seamus Coleman,2256,116,59949,Séamus Coleman,2259.0,EXACT_NORMALIZED,1.0
108,Darron Gibson,657,21,27707,Darron Gibson,648.0,EXACT_NORMALIZED,1.0
110,Apostolos Vellios,35,3,60865,Apostolos Vellios,30.0,EXACT_NORMALIZED,1.0
111,Magaye Gueye,191,11,57835,Magaye Gueye,192.0,EXACT_NORMALIZED,1.0
112,Jose Baxter,13,1,55586,Jose Baxter,12.0,EXACT_NORMALIZED,1.0
113,Victor Anichebe,769,19,28593,Victor Anichebe,771.0,EXACT_NORMALIZED,1.0
117,David Stockdale,630,38,15903,David Stockdale,630.0,EXACT_NORMALIZED,1.0
118,Mark Schwarzer,2790,113,1827,Mark Schwarzer,2790.0,EXACT_NORMALIZED,1.0
120,Matthew Briggs,195,4,42425,Matthew Briggs,198.0,EXACT_NORMALIZED,1.0
121,Philippe Senderos,270,13,16854,Philippe Senderos,270.0,EXACT_NORMALIZED,1.0
122,Stephen Kelly,729,23,9493,Stephen Kelly,729.0,EXACT_NORMALIZED,1.0
123,Aaron Hughes,3404,129,1869,Aaron Hughes,3405.0,EXACT_NORMALIZED,1.0
124,Brede Hangeland,3330,154,15284,Brede Hangeland,3330.0,EXACT_NORMALIZED,1.0
125,Chris Baird,2383,99,15968,Chris Baird,2386.0,EXACT_NORMALIZED,1.0
129,Steve Sidwell,1063,45,11735,Steve Sidwell,1058.0,EXACT_NORMALIZED,1.0
130,Damien Duff,1876,91,1256,Damien Duff,1882.0,EXACT_NORMALIZED,1.0
131,Dickson Etuhu,1971,76,10454,Dickson Etuhu,1970.0,EXACT_NORMALIZED,1.0
132,Clint Dempsey,3091,168,20226,Clint Dempsey,3098.0,EXACT_NORMALIZED,1.0
133,Simon Davies,2213,101,2559,Simon Davies,2209.0,EXACT_NORMALIZED,1.0
139,Mousa Dembele,1916,81,39104,Mousa Dembélé,1922.0,EXACT_NORMALIZED,1.0
143,Hugo Rodallega,3025,123,37334,Hugo Rodallega,3030.0,EXACT_NORMALIZED,1.0
144,Jose Reina,3420,135,8432,Pepe Reina,3420.0,MANUAL_ALIAS,0.98
147,Danny Wilson,157,1,60490,Danny Wilson,155.0,EXACT_NORMALIZED,1.0
148,Jack Robinson,147,7,83427,Jack Robinson,147.0,EXACT_NORMALIZED,1.0
149,Jon Flanagan,620,21,91979,Jon Flanagan,621.0,EXACT_NORMALIZED,1.0
150,Martin Kelly,860,42,58786,Martin Kelly,859.0,EXACT_NORMALIZED,1.0
151,Glen Johnson,2437,100,9047,Glen Johnson,2438.0,EXACT_NORMALIZED,1.0
152,Jamie Carragher,2486,90,1809,Jamie Carragher,2489.0,EXACT_NORMALIZED,1.0
153,Martin Skrtel,3420,126,26793,Martin Skrtel,3420.0,EXACT_NORMALIZED,1.0
154,Daniel Agger,1092,54,21094,Daniel Agger,1090.0,EXACT_NORMALIZED,1.0
155,Sanchez Jose Enrique,3124,105,26725,José Enrique,3125.0,MANUAL_ALIAS,0.98
157,Stewart Downing,3385,163,12002,Stewart Downing,3387.0,EXACT_NORMALIZED,1.0
158,Jonjo Shelvey,340,18,50232,Jonjo Shelvey,321.0,EXACT_NORMALIZED,1.0
159,Jay Spearing,795,30,55548,Jay Spearing,797.0,EXACT_NORMALIZED,1.0
160,Joe Cole,802,38,2060,Joe Cole,796.0,EXACT_NORMALIZED,1.0
161,Steven Gerrard,1870,88,1814,Steven Gerrard,1869.0,EXACT_NORMALIZED,1.0
162,Leiva Lucas,2858,81,43191,Lucas Leiva,2857.0,TOKEN_ORDER,0.99
163,Charlie Adam,3049,192,20208,Charlie Adam,3051.0,EXACT_NORMALIZED,1.0
164,Jordan Henderson,3211,133,56979,Jordan Henderson,3219.0,EXACT_NORMALIZED,1.0
167,Luis Suarez,1100,68,39336,Luis Suárez,1102.0,EXACT_NORMALIZED,1.0
168,Andy Carroll,2071,135,40142,Andy Carroll,2070.0,EXACT_NORMALIZED,1.0
170,Nathan Eccleston,11,1,59948,Nathan Eccleston,9.0,EXACT_NORMALIZED,1.0
171,Joe Hart,3420,175,15749,Joe Hart,3420.0,EXACT_NORMALIZED,1.0
173,Aleksandar Kolarov,1719,60,42593,Aleksandar Kolarov,1716.0,EXACT_NORMALIZED,1.0
174,Micah Richards,1399,67,20492,Micah Richards,1401.0,EXACT_NORMALIZED,1.0
175,Pablo Zabaleta,1947,102,20658,Pablo Zabaleta,1945.0,EXACT_NORMALIZED,1.0
176,Joleon Lescott,1883,103,7551,Joleon Lescott,1882.0,EXACT_NORMALIZED,1.0
177,Vincent Kompany,3330,95,17476,Vincent Kompany,3330.0,EXACT_NORMALIZED,1.0
178,Gael Clichy,2970,109,17336,Gaël Clichy,2970.0,EXACT_NORMALIZED,1.0
180,Kolo Toure,1847,76,12450,Kolo Touré,1845.0,EXACT_NORMALIZED,1.0
182,Samir Nasri,2383,134,28554,Samir Nasri,2391.0,EXACT_NORMALIZED,1.0
183,David Silva,2551,144,20664,David Silva,2563.0,EXACT_NORMALIZED,1.0
184,Yaya Toure,2966,146,14664,Yaya Touré,2976.0,EXACT_NORMALIZED,1.0
185,Nigel De Jong,2610,80,15076,Nigel de Jong,2609.0,EXACT_NORMALIZED,1.0
186,Gareth Barry,2702,90,1632,Gareth Barry,2705.0,EXACT_NORMALIZED,1.0
187,James Milner,2134,97,15157,James Milner,2134.0,EXACT_NORMALIZED,1.0
188,Adam Johnson,1542,104,19959,Adam Johnson,1531.0,EXACT_NORMALIZED,1.0
189,Abdul Razak,1,1,93666,Abdul Razak,1.0,EXACT_NORMALIZED,1.0
190,Carlos Tevez,2513,185,20312,Carlos Tevez,2531.0,EXACT_NORMALIZED,1.0
191,Mario Balotelli,1090,55,42493,Mario Balotelli,1091.0,EXACT_NORMALIZED,1.0
192,Edin Dzeko,854,35,42544,Edin Dzeko,846.0,EXACT_NORMALIZED,1.0
194,Emmanuel Adebayor,244,14,17500,Emmanuel Adebayor,240.0,EXACT_NORMALIZED,1.0
198,Chris Smalling,1086,51,55909,Chris Smalling,1082.0,EXACT_NORMALIZED,1.0
199,Phil Jones,2175,70,76359,Phil Jones,2176.0,EXACT_NORMALIZED,1.0
200,Rafael Da Silva,1197,51,54772,Rafael,1202.0,MANUAL_ALIAS,0.98
201,Nemanja Vidic,3116,148,14965,Nemanja Vidic,3117.0,EXACT_NORMALIZED,1.0
202,Rio Ferdinand,1710,69,2034,Rio Ferdinand,1710.0,EXACT_NORMALIZED,1.0
203,Patrice Evra,2957,113,14075,Patrice Evra,2961.0,EXACT_NORMALIZED,1.0
204,Jonny Evans,1004,29,37642,Jonny Evans,1006.0,EXACT_NORMALIZED,1.0
206,Antonio Valencia,742,42,20695,Antonio Valencia,741.0,EXACT_NORMALIZED,1.0
208,Oliveira Anderson,1182,57,27258,Anderson,1190.0,MANUAL_ALIAS,0.98
209,Ryan Giggs,1676,79,3,Ryan Giggs,1678.0,EXACT_NORMALIZED,1.0
210,Michael Carrick,1972,61,2404,Michael Carrick,1975.0,EXACT_NORMALIZED,1.0
211,Darren Fletcher,2109,87,14295,Darren Fletcher,2108.0,EXACT_NORMALIZED,1.0
213,Ashley Young,3050,160,18892,Ashley Young,3054.0,EXACT_NORMALIZED,1.0
216,Paul Scholes,1537,64,363,Paul Scholes,1536.0,EXACT_NORMALIZED,1.0
219,Dimitar Berbatov,2208,176,8595,Dimitar Berbatov,2210.0,EXACT_NORMALIZED,1.0
221,Wayne Rooney,2225,142,13017,Wayne Rooney,2226.0,EXACT_NORMALIZED,1.0
224,Federico Macheda,220,12,59970,Federico Macheda,216.0,EXACT_NORMALIZED,1.0
225,Steve Harper,1564,57,1881,Steve Harper,1565.0,EXACT_NORMALIZED,1.0
226,Tim Krul,1856,51,20480,Tim Krul,1855.0,EXACT_NORMALIZED,1.0
228,James Perch,877,16,18846,James Perch,869.0,EXACT_NORMALIZED,1.0
229,Mike Williamson,2565,75,11378,Mike Williamson,2565.0,EXACT_NORMALIZED,1.0
230,Danny Simpson,2685,70,40725,Danny Simpson,2686.0,EXACT_NORMALIZED,1.0
231,Steven Taylor,1008,45,17974,Steven Taylor,1007.0,EXACT_NORMALIZED,1.0
232,Fabricio Coloccini,3080,97,7933,Fabricio Coloccini,3082.0,EXACT_NORMALIZED,1.0
233,Ryan Taylor,276,5,14775,Ryan Taylor,278.0,EXACT_NORMALIZED,1.0
236,Gabriel Obertan,284,12,38429,Gabriel Obertan,283.0,EXACT_NORMALIZED,1.0
237,Cheick Tiote,2308,66,28301,Cheick Tioté,2304.0,EXACT_NORMALIZED,1.0
238,Hatem Ben Arfa,168,14,18753,Hatem Ben Arfa,171.0,EXACT_NORMALIZED,1.0
239,Shane Ferguson,309,10,61944,Shane Ferguson,309.0,EXACT_NORMALIZED,1.0
240,Dan Gosling,1,1,40387,Dan Gosling,1.0,EXACT_NORMALIZED,1.0
241,Jonas Gutierrez,2973,116,21060,Jonás Gutiérrez,2982.0,EXACT_NORMALIZED,1.0
248,Shola Ameobi,1753,93,6240,Shola Ameobi,1756.0,EXACT_NORMALIZED,1.0
249,Demba Ba,933,57,47412,Demba Ba,932.0,EXACT_NORMALIZED,1.0
250,Sammy Ameobi,9,1,97612,Sammy Ameobi,7.0,EXACT_NORMALIZED,1.0
277,James Vaughan,18,1,19916,James Vaughan,16.0,EXACT_NORMALIZED,1.0
279,Rob Green,3330,122,1243,Robert Green,3330.0,MANUAL_ALIAS,0.98
280,Luke Young,2070,65,1930,Luke Young,2070.0,EXACT_NORMALIZED,1.0
284,Anton Ferdinand,2088,66,13898,Anton Ferdinand,2089.0,EXACT_NORMALIZED,1.0
287,Ryan Nelsen,2413,86,19718,Ryan Nelsen,2414.0,EXACT_NORMALIZED,1.0
288,Fabio Da Silva,559,26,54771,Fábio,556.0,MANUAL_ALIAS,0.98
289,Shaun Wright-Phillips,205,9,1212,Shaun Wright-Phillips,202.0,EXACT_NORMALIZED,1.0
290,Joey Barton,2878,131,15276,Joey Barton,2878.0,EXACT_NORMALIZED,1.0
296,Kieron Dyer,602,20,1840,Kieron Dyer,608.0,EXACT_NORMALIZED,1.0
298,Ji-Sung Park,1080,74,12882,Park Ji-Sung,1084.0,TOKEN_ORDER,0.99
299,Bobby Zamora,757,63,4570,Bobby Zamora,758.0,EXACT_NORMALIZED,1.0
304,DJ Campbell,2625,128,19645,DJ Campbell,2628.0,EXACT_NORMALIZED,1.0
306,Andrew Johnson,1560,61,1195,Andrew Johnson,1549.0,EXACT_NORMALIZED,1.0
316,Nicky Shorey,2314,43,5750,Nicky Shorey,2311.0,EXACT_NORMALIZED,1.0
327,Danny Guthrie,949,28,37639,Danny Guthrie,951.0,EXACT_NORMALIZED,1.0
330,Jason Roberts,1489,73,3118,Jason Roberts,1471.0,EXACT_NORMALIZED,1.0
348,Jason Puncheon,647,32,19197,Jason Puncheon,648.0,EXACT_NORMALIZED,1.0
355,Asmir Begovic,2520,108,40349,Asmir Begovic,2520.0,EXACT_NORMALIZED,1.0
356,Thomas Sorensen,900,27,1945,Thomas Sørensen,900.0,FUZZY_STRICT,0.944
357,Danny Collins,2030,48,19393,Danny Collins,2031.0,EXACT_NORMALIZED,1.0
358,Danny Higginbotham,844,39,2399,Danny Higginbotham,842.0,EXACT_NORMALIZED,1.0
359,Andy Wilkinson,1746,62,19714,Andy Wilkinson,1752.0,EXACT_NORMALIZED,1.0
360,Ryan Shawcross,3196,92,37869,Ryan Shawcross,3196.0,EXACT_NORMALIZED,1.0
361,Robert Huth,3110,138,12413,Robert Huth,3111.0,EXACT_NORMALIZED,1.0
362,Matthew Upson,2470,56,1640,Matt Upson,2473.0,FUZZY_STRICT,0.8872
364,Marc Wilson,1855,56,32318,Marc Wilson,1856.0,EXACT_NORMALIZED,1.0
365,Dean Whitehead,2902,93,5589,Dean Whitehead,2897.0,EXACT_NORMALIZED,1.0
366,Jermaine Pennant,2015,108,3658,Jermaine Pennant,2030.0,EXACT_NORMALIZED,1.0
367,Matthew Etherington,2519,124,2570,Matthew Etherington,2529.0,EXACT_NORMALIZED,1.0
368,Glenn Whelan,1357,50,12150,Glenn Whelan,1347.0,EXACT_NORMALIZED,1.0
369,Salif Diao,236,7,6769,Salif Diao,235.0,EXACT_NORMALIZED,1.0
370,Rory Delap,2956,88,1679,Rory Delap,2960.0,EXACT_NORMALIZED,1.0
371,Wilson Palacios,1226,32,34296,Wilson Palacios,1222.0,EXACT_NORMALIZED,1.0
373,Ryan Shotton,52,2,45158,Ryan Shotton,50.0,EXACT_NORMALIZED,1.0
374,Jonathan Walters,2341,109,12813,Jonathan Walters,2342.0,EXACT_NORMALIZED,1.0
375,Kenwyne Jones,2782,121,18215,Kenwyne Jones,2794.0,EXACT_NORMALIZED,1.0
376,Mamady Sidibe,40,2,10370,Mamady Sidibe,40.0,EXACT_NORMALIZED,1.0
377,Peter Crouch,1945,92,3773,Peter Crouch,1932.0,EXACT_NORMALIZED,1.0
378,Cameron Jerome,2647,98,18804,Cameron Jerome,2657.0,EXACT_NORMALIZED,1.0
380,Simon Mignolet,2070,83,66797,Simon Mignolet,2070.0,EXACT_NORMALIZED,1.0
381,Titus Bramble,2002,66,1131,Titus Bramble,2001.0,EXACT_NORMALIZED,1.0
382,Marcos Angeleri,9,2,55658,Marcos Angeleri,5.0,EXACT_NORMALIZED,1.0
383,Michael Turner,1305,39,15864,Michael Turner,1305.0,EXACT_NORMALIZED,1.0
384,Phil Bardsley,2820,123,17997,Phil Bardsley,2823.0,EXACT_NORMALIZED,1.0
385,John O'Shea,1541,71,3736,John O'Shea,1541.0,EXACT_NORMALIZED,1.0
386,Wes Brown,429,6,1841,Wes Brown,426.0,EXACT_NORMALIZED,1.0
387,Louis Laing,4,1,97580,Louis Laing,2.0,EXACT_NORMALIZED,1.0
389,Carlos Cuellar,894,23,17468,Carlos Cuellar,894.0,EXACT_NORMALIZED,1.0
390,Lee Cattermole,1921,44,28448,Lee Cattermole,1921.0,EXACT_NORMALIZED,1.0
391,David Meyler,259,5,53371,David Meyler,261.0,EXACT_NORMALIZED,1.0
392,Kieran Richardson,2039,80,15073,Kieran Richardson,2040.0,EXACT_NORMALIZED,1.0
393,Jack Colback,589,19,58771,Jack Colback,583.0,EXACT_NORMALIZED,1.0
394,Ahmed Elmohamady,2457,109,37339,Ahmed El Mohamady,2453.0,FUZZY_STRICT,0.9702
395,Sebastian Larsson,2833,116,19057,Sebastian Larsson,2833.0,EXACT_NORMALIZED,1.0
396,Craig Gardner,2216,92,28468,Craig Gardner,2219.0,EXACT_NORMALIZED,1.0
397,David Vaughan,3150,110,7631,David Vaughan,3150.0,EXACT_NORMALIZED,1.0
399,Stephane Sessegnon,1183,51,34392,Stéphane Sessegnon,1182.0,EXACT_NORMALIZED,1.0
400,Craig Lynch,30,2,96114,Craig Lynch,28.0,EXACT_NORMALIZED,1.0
401,Ryan Noble,66,3,80061,Ryan Noble,61.0,EXACT_NORMALIZED,1.0
402,Fraizer Campbell,225,8,28541,Fraizer Campbell,225.0,EXACT_NORMALIZED,1.0
415,Wayne Routledge,996,34,11829,Wayne Routledge,994.0,EXACT_NORMALIZED,1.0
431,Heurelho Gomes,2700,108,18656,Heurelho Gomes,2700.0,EXACT_NORMALIZED,1.0
432,Carlo Cudicini,720,24,1708,Carlo Cudicini,720.0,EXACT_NORMALIZED,1.0
433,Brad Friedel,3420,111,1803,Brad Friedel,3420.0,EXACT_NORMALIZED,1.0
434,Ledley King,493,22,1934,Ledley King,494.0,EXACT_NORMALIZED,1.0
435,Michael Dawson,2160,77,12679,Michael Dawson,2160.0,EXACT_NORMALIZED,1.0
436,Benoit Assou-Ekotto,2569,81,28146,Benoit Assou-Ekotto,2571.0,EXACT_NORMALIZED,1.0
437,Younes Kaboul,1632,46,37742,Younes Kaboul,1634.0,EXACT_NORMALIZED,1.0
438,William Gallas,2339,56,6254,William Gallas,2339.0,EXACT_NORMALIZED,1.0
445,Rafael Van der Vaart,2222,165,4611,Rafael van der Vaart,2238.0,EXACT_NORMALIZED,1.0
446,Luka Modric,2794,125,37055,Luka Modric,2800.0,EXACT_NORMALIZED,1.0
447,Aaron Lennon,2361,99,17349,Aaron Lennon,2365.0,EXACT_NORMALIZED,1.0
448,Gareth Bale,2447,118,36903,Gareth Bale,2451.0,EXACT_NORMALIZED,1.0
449,Danny Rose,351,17,38290,Danny Rose,351.0,EXACT_NORMALIZED,1.0
450,Tom Huddlestone,1162,46,15109,Tom Huddlestone,1165.0,EXACT_NORMALIZED,1.0
452,Scott Parker,2738,119,1411,Scott Parker,2737.0,EXACT_NORMALIZED,1.0
455,Jermaine Jenas,1322,39,10451,Jermaine Jenas,1320.0,EXACT_NORMALIZED,1.0
456,Steven Pienaar,2060,66,7525,Steven Pienaar,2068.0,EXACT_NORMALIZED,1.0
458,Jermain Defoe,1479,56,7958,Jermain Defoe,1480.0,EXACT_NORMALIZED,1.0
459,Dos Santos Giovani,45,3,40275,Giovani dos Santos,42.0,TOKEN_ORDER,0.99
462,Boaz Myhill,540,12,12086,Boaz Myhill,540.0,EXACT_NORMALIZED,1.0
463,Ben Foster,3369,153,9089,Ben Foster,3371.0,EXACT_NORMALIZED,1.0
465,Gabriel Tamas,2040,37,27348,Gabriel Tamas,2037.0,EXACT_NORMALIZED,1.0
466,James Hurst,90,1,76358,James Hurst,90.0,EXACT_NORMALIZED,1.0
467,Gonzalo Jara Reyes,2104,39,37269,Gonzalo Jara,2107.0,MANUAL_ALIAS,0.98
468,Jonas Olsson,2123,62,39253,Jonas Olsson,2125.0,EXACT_NORMALIZED,1.0
472,Liam Ridgewell,3173,104,14278,Liam Ridgewell,3175.0,EXACT_NORMALIZED,1.0
473,George Thorne,31,1,79843,George Thorne,30.0,EXACT_NORMALIZED,1.0
474,Graham Dorrans,1414,46,20141,Graham Dorrans,1422.0,EXACT_NORMALIZED,1.0
475,Steven Reid,1288,61,3332,Steven Reid,1274.0,EXACT_NORMALIZED,1.0
476,Jerome Thomas,2569,105,12765,Jerome Thomas,2587.0,EXACT_NORMALIZED,1.0
477,James Morrison,2268,89,18008,James Morrison,2281.0,EXACT_NORMALIZED,1.0
478,Youssouf Mulumbu,2850,110,39895,Youssouf Mulumbu,2861.0,EXACT_NORMALIZED,1.0
479,Chris Brunt,3012,130,19151,Chris Brunt,3014.0,EXACT_NORMALIZED,1.0
480,Zoltan Gera,1118,48,18430,Zoltán Gera,1108.0,EXACT_NORMALIZED,1.0
485,Peter Odemwingie,2680,171,26900,Peter Odemwingie,2682.0,EXACT_NORMALIZED,1.0
486,Marc-Antoine Fortune,1119,45,14279,Marc-Antoine Fortuné,1114.0,EXACT_NORMALIZED,1.0
487,Simon Cox,772,30,27440,Simon Cox,768.0,EXACT_NORMALIZED,1.0
489,Jussi Jaaskelainen,3096,109,1344,Jussi Jääskeläinen,3096.0,EXACT_NORMALIZED,1.0
492,Winston Reid,407,5,48717,Winston Reid,402.0,EXACT_NORMALIZED,1.0
495,James Tomkins,1579,41,49413,James Tomkins,1582.0,EXACT_NORMALIZED,1.0
497,Jack Collison,199,5,49414,Jack Collison,199.0,EXACT_NORMALIZED,1.0
498,Matthew Taylor,1922,73,3289,Matthew Taylor,1924.0,EXACT_NORMALIZED,1.0
499,Mark Noble,2140,78,18073,Mark Noble,2144.0,EXACT_NORMALIZED,1.0
501,Gary O'Neil,589,19,5716,Gary O'Neil,592.0,EXACT_NORMALIZED,1.0
502,Kevin Nolan,2651,140,5306,Kevin Nolan,2658.0,EXACT_NORMALIZED,1.0
503,Mohamed Diame,2633,79,28147,Mohamed Diamé,2639.0,EXACT_NORMALIZED,1.0
507,Carlton Cole,2120,89,12799,Carlton Cole,2115.0,EXACT_NORMALIZED,1.0
511,Antolin Alcaraz,3028,87,43035,Antolin Alcaraz,3029.0,EXACT_NORMALIZED,1.0
512,Ronnie Stam,1579,47,16234,Ronnie Stam,1584.0,EXACT_NORMALIZED,1.0
513,Maynor Figueroa,2808,71,34285,Maynor Figueroa,2812.0,EXACT_NORMALIZED,1.0
514,Emmerson Boyce,1669,55,3296,Emmerson Boyce,1672.0,EXACT_NORMALIZED,1.0
515,Gary Caldwell,1975,40,11911,Gary Caldwell,1977.0,EXACT_NORMALIZED,1.0
517,James McArthur,557,21,50471,James McArthur,542.0,EXACT_NORMALIZED,1.0
518,James McCarthy,1976,75,50472,James McCarthy,1982.0,EXACT_NORMALIZED,1.0
519,Jordi Gomez,720,28,50023,Jordi Gómez,725.0,EXACT_NORMALIZED,1.0
520,Ben Watson,2124,85,16045,Ben Watson,2122.0,EXACT_NORMALIZED,1.0
521,Victor Moses,815,42,49013,Victor Moses,812.0,EXACT_NORMALIZED,1.0
522,David Jones,951,30,19556,David Jones,955.0,EXACT_NORMALIZED,1.0
525,Jean Beausejour,895,36,33298,Jean Beausejour,895.0,EXACT_NORMALIZED,1.0
526,Franco Di Santo,929,47,49724,Franco Di Santo,912.0,EXACT_NORMALIZED,1.0
527,Conor Sammon,214,12,55415,Conor Sammon,209.0,EXACT_NORMALIZED,1.0
528,Callum McManaman,14,3,61538,Callum McManaman,12.0,EXACT_NORMALIZED,1.0
540,Mauro Boselli,496,11,49305,Mauro Boselli,494.0,EXACT_NORMALIZED,1.0
542,David Hoilett,1494,71,49806,Junior Hoilett,1497.0,MANUAL_ALIAS,0.98
548,Michael Kightly,162,4,15944,Michael Kightly,160.0,EXACT_NORMALIZED,1.0
554,Louis Saha,1366,70,4396,Louis Saha,1372.0,EXACT_NORMALIZED,1.0
558,Jose Bosingwa,1263,52,11278,José Bosingwa,1261.0,EXACT_NORMALIZED,1.0
570,Sebastien Bassong,828,35,42744,Sebastien Bassong,823.0,EXACT_NORMALIZED,1.0
572,Matthew Jarvis,3050,133,18818,Matthew Jarvis,3054.0,EXACT_NORMALIZED,1.0
573,Steven Fletcher,1395,97,18953,Steven Fletcher,1395.0,EXACT_NORMALIZED,1.0
597,Steven Nzonzi,1274,43,49323,Steven Nzonzi,1268.0,EXACT_NORMALIZED,1.0
601,Michael Owen,238,18,1795,Michael Owen,228.0,EXACT_NORMALIZED,1.0
609,Mark Bunn,225,5,10954,Mark Bunn,225.0,EXACT_NORMALIZED,1.0
617,Jordan Spence,180,2,51933,Jordan Spence,180.0,EXACT_NORMALIZED,1.0
619,Thomas Hitzlsperger,990,48,8402,Thomas Hitzlsperger,990.0,EXACT_NORMALIZED,1.0
623,James McFadden,276,10,4445,James McFadden,280.0,EXACT_NORMALIZED,1.0
628,Nile Ranger,588,27,56239,Nile Ranger,562.0,EXACT_NORMALIZED,1.0
677,Christopher Samba,2879,111,20359,Christopher Samba,2880.0,EXACT_NORMALIZED,1.0
681,Paul Scharner,2740,86,16210,Paul Scharner,2750.0,EXACT_NORMALIZED,1.0
