priority_rank,canonical_playerId,playerName,raw_minutes,gamesPlayed,starts,goals,raw_goalAssists,nationality,raw_position_DO_NOT_IMPORT,raw_team_label_DO_NOT_IMPORT,research_tier,recovery_status,next_route
1,3630,Kevin Davies,3385.0,38.0,38.0,8.0,5.0,England,Forward,Preston North End,A — HIGH EXPOSURE,UNRESOLVED FPL-NATIVE HISTORY,Older contemporaneous FPL archive / FPLA / preserved official JSON; do not repeat May-2013 or later-carrier sweeps
2,8358,Roger Johnson,3375.0,38.0,38.0,2.0,1.0,England,Defender,Bromley,A — HIGH EXPOSURE,UNRESOLVED FPL-NATIVE HISTORY,Older contemporaneous FPL archive / FPLA / preserved official JSON; do not repeat May-2013 or later-carrier sweeps
3,1879,Stephen Carr,3375.0,38.0,38.0,,,Ireland,Defender,Birmingham City,A — HIGH EXPOSURE,UNRESOLVED FPL-NATIVE HISTORY,Older contemporaneous FPL archive / FPLA / preserved official JSON; do not repeat May-2013 or later-carrier sweeps
4,5544,Ian Evatt,3215.0,38.0,36.0,1.0,3.0,England,Defender,Chesterfield,A — HIGH EXPOSURE,UNRESOLVED FPL-NATIVE HISTORY,Older contemporaneous FPL archive / FPLA / preserved official JSON; do not repeat May-2013 or later-carrier sweeps
5,2324,Barry Ferguson,3150.0,35.0,35.0,,,Scotland,Midfielder,Birmingham City,A — HIGH EXPOSURE,UNRESOLVED FPL-NATIVE HISTORY,Older contemporaneous FPL archive / FPLA / preserved official JSON; do not repeat May-2013 or later-carrier sweeps
6,2004,Paul Robinson,3150.0,35.0,35.0,,,England,Defender,Birmingham City,A — HIGH EXPOSURE,UNRESOLVED FPL-NATIVE HISTORY,Older contemporaneous FPL archive / FPLA / preserved official JSON; do not repeat May-2013 or later-carrier sweeps
7,1812,Danny Murphy,3130.0,37.0,37.0,,4.0,England,Midfielder,Fulham,A — HIGH EXPOSURE,UNRESOLVED FPL-NATIVE HISTORY,Older contemporaneous FPL archive / FPLA / preserved official JSON; do not repeat May-2013 or later-carrier sweeps
8,4739,Johan Elmander,3112.0,37.0,37.0,10.0,6.0,Sweden,Forward,Norwich City,A — HIGH EXPOSURE,UNRESOLVED FPL-NATIVE HISTORY,Older contemporaneous FPL archive / FPLA / preserved official JSON; do not repeat May-2013 or later-carrier sweeps
9,28491,Ali Al Habsi,3060.0,34.0,34.0,,1.0,Oman,Goalkeeper,West Bromwich Albion U23,A — HIGH EXPOSURE,UNRESOLVED FPL-NATIVE HISTORY,Older contemporaneous FPL archive / FPLA / preserved official JSON; do not repeat May-2013 or later-carrier sweeps
10,28491,Ali Al Habsi,3060.0,34.0,34.0,,1.0,Oman,Goalkeeper,West Bromwich Albion U23,A — HIGH EXPOSURE,UNRESOLVED FPL-NATIVE HISTORY,Older contemporaneous FPL archive / FPLA / preserved official JSON; do not repeat May-2013 or later-carrier sweeps
11,4142,Míchel Salgado,3032.0,36.0,36.0,,2.0,Spain,Defender,Blackburn Rovers,A — HIGH EXPOSURE,UNRESOLVED FPL-NATIVE HISTORY,Older contemporaneous FPL archive / FPLA / preserved official JSON; do not repeat May-2013 or later-carrier sweeps
12,1587,Zat Knight,2998.0,34.0,34.0,1.0,,England,Defender,Reading,A — HIGH EXPOSURE,UNRESOLVED FPL-NATIVE HISTORY,Older contemporaneous FPL archive / FPLA / preserved official JSON; do not repeat May-2013 or later-carrier sweeps
13,4058,Edwin van der Sar,2970.0,33.0,33.0,,1.0,Netherlands,Goalkeeper,Manchester United,A — HIGH EXPOSURE,UNRESOLVED FPL-NATIVE HISTORY,Older contemporaneous FPL archive / FPLA / preserved official JSON; do not repeat May-2013 or later-carrier sweeps
14,17601,Scott Carson,2880.0,32.0,32.0,,,England,Goalkeeper,Manchester City,A — HIGH EXPOSURE,UNRESOLVED FPL-NATIVE HISTORY,Older contemporaneous FPL archive / FPLA / preserved official JSON; do not repeat May-2013 or later-carrier sweeps
15,4719,Dirk Kuyt,2821.0,33.0,32.0,13.0,7.0,Netherlands,Midfielder,Feyenoord,A — HIGH EXPOSURE,UNRESOLVED FPL-NATIVE HISTORY,Older contemporaneous FPL archive / FPLA / preserved official JSON; do not repeat May-2013 or later-carrier sweeps
16,12303,Didier Drogba,2793.0,36.0,30.0,11.0,13.0,Cote d’Ivoire,Forward,Chelsea,A — HIGH EXPOSURE,UNRESOLVED FPL-NATIVE HISTORY,Older contemporaneous FPL archive / FPLA / preserved official JSON; do not repeat May-2013 or later-carrier sweeps
17,19008,Christophe Berra,2790.0,32.0,31.0,,,Scotland,Defender,Ipswich Town,A — HIGH EXPOSURE,UNRESOLVED FPL-NATIVE HISTORY,Older contemporaneous FPL archive / FPLA / preserved official JSON; do not repeat May-2013 or later-carrier sweeps
18,4422,Stephen Crainey,2748.0,31.0,31.0,,,Scotland,Defender,AFC Fylde,A — HIGH EXPOSURE,UNRESOLVED FPL-NATIVE HISTORY,Older contemporaneous FPL archive / FPLA / preserved official JSON; do not repeat May-2013 or later-carrier sweeps
19,14947,Kevin Foley,2728.0,33.0,30.0,2.0,2.0,Ireland,Defender,Billericay Town,A — HIGH EXPOSURE,UNRESOLVED FPL-NATIVE HISTORY,Older contemporaneous FPL archive / FPLA / preserved official JSON; do not repeat May-2013 or later-carrier sweeps
20,19053,Nedum Onuoha,2673.0,31.0,31.0,1.0,1.0,England,Defender,Queens Park Rangers,A — HIGH EXPOSURE,UNRESOLVED FPL-NATIVE HISTORY,Older contemporaneous FPL archive / FPLA / preserved official JSON; do not repeat May-2013 or later-carrier sweeps
21,19053,Nedum Onuoha,2673.0,31.0,31.0,1.0,1.0,England,Defender,Queens Park Rangers,A — HIGH EXPOSURE,UNRESOLVED FPL-NATIVE HISTORY,Older contemporaneous FPL archive / FPLA / preserved official JSON; do not repeat May-2013 or later-carrier sweeps
22,38530,Nani,2668.0,33.0,31.0,9.0,14.0,Portugal,Midfielder,Melbourne Victory,A — HIGH EXPOSURE,UNRESOLVED FPL-NATIVE HISTORY,Older contemporaneous FPL archive / FPLA / preserved official JSON; do not repeat May-2013 or later-carrier sweeps
23,27696,Fabrice Muamba,2597.0,36.0,32.0,1.0,,England,Midfielder,Bolton Wanderers,A — HIGH EXPOSURE,UNRESOLVED FPL-NATIVE HISTORY,Older contemporaneous FPL archive / FPLA / preserved official JSON; do not repeat May-2013 or later-carrier sweeps
24,21091,Alexandre Song,2594.0,31.0,30.0,4.0,2.0,Cameroon,Midfielder,Sion,A — HIGH EXPOSURE,UNRESOLVED FPL-NATIVE HISTORY,Older contemporaneous FPL archive / FPLA / preserved official JSON; do not repeat May-2013 or later-carrier sweeps
25,37011,Neal Eardley,2558.0,31.0,30.0,1.0,,Wales,Defender,Barrow,A — HIGH EXPOSURE,UNRESOLVED FPL-NATIVE HISTORY,Older contemporaneous FPL archive / FPLA / preserved official JSON; do not repeat May-2013 or later-carrier sweeps
26,19921,Raul Meireles,2544.0,33.0,32.0,5.0,5.0,Portugal,Midfielder,Fenerbahçe,A — HIGH EXPOSURE,UNRESOLVED FPL-NATIVE HISTORY,Older contemporaneous FPL archive / FPLA / preserved official JSON; do not repeat May-2013 or later-carrier sweeps
27,16058,Morten Gamst Pedersen,2517.0,35.0,27.0,4.0,6.0,Norway,Midfielder,Rosenborg,A — HIGH EXPOSURE,UNRESOLVED FPL-NATIVE HISTORY,Older contemporaneous FPL archive / FPLA / preserved official JSON; do not repeat May-2013 or later-carrier sweeps
28,18832,Richard Stearman,2498.0,31.0,27.0,,,England,Defender,Derby County,A — HIGH EXPOSURE,UNRESOLVED FPL-NATIVE HISTORY,Older contemporaneous FPL archive / FPLA / preserved official JSON; do not repeat May-2013 or later-carrier sweeps
29,8371,Gaël Givet,2466.0,29.0,29.0,1.0,,France,Defender,Blackburn Rovers,A — HIGH EXPOSURE,UNRESOLVED FPL-NATIVE HISTORY,Older contemporaneous FPL archive / FPLA / preserved official JSON; do not repeat May-2013 or later-carrier sweeps
30,19273,Gary Taylor-Fletcher,2459.0,31.0,29.0,6.0,4.0,England,Forward,Accrington Stanley,A — HIGH EXPOSURE,UNRESOLVED FPL-NATIVE HISTORY,Older contemporaneous FPL archive / FPLA / preserved official JSON; do not repeat May-2013 or later-carrier sweeps
31,10561,Karl Henry,2427.0,29.0,28.0,,2.0,England,Midfielder,Bradford City,A — HIGH EXPOSURE,UNRESOLVED FPL-NATIVE HISTORY,Older contemporaneous FPL archive / FPLA / preserved official JSON; do not repeat May-2013 or later-carrier sweeps
32,3897,Nicolas Anelka,2362.0,32.0,27.0,6.0,4.0,France,Forward,Chelsea,A — HIGH EXPOSURE,UNRESOLVED FPL-NATIVE HISTORY,Older contemporaneous FPL archive / FPLA / preserved official JSON; do not repeat May-2013 or later-carrier sweeps
33,15498,Steve Gohouri,2361.0,27.0,26.0,1.0,1.0,Cote d’Ivoire,Defender,Wigan Athletic,A — HIGH EXPOSURE,UNRESOLVED FPL-NATIVE HISTORY,Older contemporaneous FPL archive / FPLA / preserved official JSON; do not repeat May-2013 or later-carrier sweeps
34,19948,Stuart Holden,2296.0,26.0,26.0,2.0,2.0,United States,Midfielder,Bolton Wanderers,A — HIGH EXPOSURE,UNRESOLVED FPL-NATIVE HISTORY,Older contemporaneous FPL archive / FPLA / preserved official JSON; do not repeat May-2013 or later-carrier sweeps
35,10445,Frédéric Piquionne,2250.0,34.0,26.0,6.0,3.0,France,Forward,West Ham United,A — HIGH EXPOSURE,UNRESOLVED FPL-NATIVE HISTORY,Older contemporaneous FPL archive / FPLA / preserved official JSON; do not repeat May-2013 or later-carrier sweeps
36,4740,Brett Emerton,2193.0,30.0,24.0,4.0,5.0,Australia,Midfielder,Blackburn Rovers,A — HIGH EXPOSURE,UNRESOLVED FPL-NATIVE HISTORY,Older contemporaneous FPL archive / FPLA / preserved official JSON; do not repeat May-2013 or later-carrier sweeps
37,20450,Kevin Doyle,2188.0,26.0,25.0,5.0,4.0,Ireland,Forward,Wolverhampton Wanderers,A — HIGH EXPOSURE,UNRESOLVED FPL-NATIVE HISTORY,Older contemporaneous FPL archive / FPLA / preserved official JSON; do not repeat May-2013 or later-carrier sweeps
38,1059,Danny Gabbidon,2181.0,26.0,24.0,,,Wales,Defender,Cardiff City,A — HIGH EXPOSURE,UNRESOLVED FPL-NATIVE HISTORY,Older contemporaneous FPL archive / FPLA / preserved official JSON; do not repeat May-2013 or later-carrier sweeps
39,6596,Steed Malbranque,2176.0,35.0,24.0,,3.0,France,Midfielder,Lyon,A — HIGH EXPOSURE,UNRESOLVED FPL-NATIVE HISTORY,Older contemporaneous FPL archive / FPLA / preserved official JSON; do not repeat May-2013 or later-carrier sweeps
40,19084,George Elokobi,2120.0,27.0,23.0,2.0,2.0,Cameroon,Defender,Maidstone United,A — HIGH EXPOSURE,UNRESOLVED FPL-NATIVE HISTORY,Older contemporaneous FPL archive / FPLA / preserved official JSON; do not repeat May-2013 or later-carrier sweeps
41,14668,Nigel Reo-Coker,2076.0,30.0,24.0,,,England,Midfielder,MK Dons,A — HIGH EXPOSURE,UNRESOLVED FPL-NATIVE HISTORY,Older contemporaneous FPL archive / FPLA / preserved official JSON; do not repeat May-2013 or later-carrier sweeps
42,2160,Stiliyan Petrov,2072.0,27.0,23.0,1.0,2.0,Bulgaria,Midfielder,Aston Villa,A — HIGH EXPOSURE,UNRESOLVED FPL-NATIVE HISTORY,Older contemporaneous FPL archive / FPLA / preserved official JSON; do not repeat May-2013 or later-carrier sweeps
43,153,Lee Bowyer,2048.0,29.0,24.0,4.0,1.0,England,Midfielder,Birmingham City,A — HIGH EXPOSURE,UNRESOLVED FPL-NATIVE HISTORY,Older contemporaneous FPL archive / FPLA / preserved official JSON; do not repeat May-2013 or later-carrier sweeps
44,15988,Luke Varney,2045.0,30.0,24.0,5.0,3.0,England,Forward,Burton Albion,A — HIGH EXPOSURE,UNRESOLVED FPL-NATIVE HISTORY,Older contemporaneous FPL archive / FPLA / preserved official JSON; do not repeat May-2013 or later-carrier sweeps
45,13308,Maxi Rodríguez,2043.0,28.0,24.0,10.0,,Argentina,Midfielder,Liverpool,A — HIGH EXPOSURE,UNRESOLVED FPL-NATIVE HISTORY,Older contemporaneous FPL archive / FPLA / preserved official JSON; do not repeat May-2013 or later-carrier sweeps
46,33223,Asamoah Gyan,1999.0,31.0,20.0,10.0,4.0,Ghana,Forward,Sunderland,A — HIGH EXPOSURE,UNRESOLVED FPL-NATIVE HISTORY,Older contemporaneous FPL archive / FPLA / preserved official JSON; do not repeat May-2013 or later-carrier sweeps
47,12207,Lars Jacobsen,1995.0,24.0,22.0,,,Denmark,Defender,Guingamp,A — HIGH EXPOSURE,UNRESOLVED FPL-NATIVE HISTORY,Older contemporaneous FPL archive / FPLA / preserved official JSON; do not repeat May-2013 or later-carrier sweeps
48,28183,Grétar Steinsson,1990.0,23.0,23.0,1.0,,Iceland,Defender,Bolton Wanderers,A — HIGH EXPOSURE,UNRESOLVED FPL-NATIVE HISTORY,Older contemporaneous FPL archive / FPLA / preserved official JSON; do not repeat May-2013 or later-carrier sweeps
49,20322,Carlos Salcido,1904.0,23.0,22.0,,2.0,Mexico,Defender,Fulham,A — HIGH EXPOSURE,UNRESOLVED FPL-NATIVE HISTORY,Older contemporaneous FPL archive / FPLA / preserved official JSON; do not repeat May-2013 or later-carrier sweeps
50,66583,Hendry Thomas,1885.0,24.0,22.0,,,Honduras,Midfielder,Wigan Athletic,A — HIGH EXPOSURE,UNRESOLVED FPL-NATIVE HISTORY,Older contemporaneous FPL archive / FPLA / preserved official JSON; do not repeat May-2013 or later-carrier sweeps
51,41208,Nenad Milijas,1720.0,23.0,20.0,2.0,3.0,Serbia,Midfielder,Crvena zvezda,B — MATERIAL,UNRESOLVED FPL-NATIVE HISTORY,Older contemporaneous FPL archive / FPLA / preserved official JSON; do not repeat May-2013 or later-carrier sweeps
52,33268,Richard Kingson,1697.0,20.0,19.0,,,Ghana,Goalkeeper,Blackpool,B — MATERIAL,UNRESOLVED FPL-NATIVE HISTORY,Older contemporaneous FPL archive / FPLA / preserved official JSON; do not repeat May-2013 or later-carrier sweeps
53,20298,Roman Pavlyuchenko,1592.0,29.0,18.0,9.0,4.0,Russia,Forward,Tottenham Hotspur,B — MATERIAL,UNRESOLVED FPL-NATIVE HISTORY,Older contemporaneous FPL archive / FPLA / preserved official JSON; do not repeat May-2013 or later-carrier sweeps
54,8437,Matthew Gilks,1575.0,18.0,18.0,,,Scotland,Goalkeeper,Bolton Wanderers,B — MATERIAL,UNRESOLVED FPL-NATIVE HISTORY,Older contemporaneous FPL archive / FPLA / preserved official JSON; do not repeat May-2013 or later-carrier sweeps
55,21134,Victor Obinna,1571.0,25.0,17.0,3.0,3.0,Nigeria,Forward,West Ham United,B — MATERIAL,UNRESOLVED FPL-NATIVE HISTORY,Older contemporaneous FPL archive / FPLA / preserved official JSON; do not repeat May-2013 or later-carrier sweeps
56,6557,El Hadji Diouf,1563.0,20.0,18.0,,3.0,Senegal,Midfielder,Blackburn Rovers,B — MATERIAL,UNRESOLVED FPL-NATIVE HISTORY,Older contemporaneous FPL archive / FPLA / preserved official JSON; do not repeat May-2013 or later-carrier sweeps
57,37352,Salomon Kalou,1562.0,31.0,16.0,10.0,3.0,Cote d’Ivoire,Midfielder,Hertha BSC,B — MATERIAL,UNRESOLVED FPL-NATIVE HISTORY,Older contemporaneous FPL archive / FPLA / preserved official JSON; do not repeat May-2013 or later-carrier sweeps
58,18129,Keith Fahey,1521.0,24.0,19.0,1.0,1.0,Ireland,Midfielder,Birmingham City,B — MATERIAL,UNRESOLVED FPL-NATIVE HISTORY,Older contemporaneous FPL archive / FPLA / preserved official JSON; do not repeat May-2013 or later-carrier sweeps
59,42725,Elliot Grandin,1515.0,23.0,21.0,1.0,3.0,France,Midfielder,Grimsby Town,B — MATERIAL,UNRESOLVED FPL-NATIVE HISTORY,Older contemporaneous FPL archive / FPLA / preserved official JSON; do not repeat May-2013 or later-carrier sweeps
60,2400,Luís Boa Morte,1506.0,22.0,19.0,,2.0,Portugal,Midfielder,West Ham United,B — MATERIAL,UNRESOLVED FPL-NATIVE HISTORY,Older contemporaneous FPL archive / FPLA / preserved official JSON; do not repeat May-2013 or later-carrier sweeps
61,1940,Wayne Bridge,1497.0,18.0,16.0,,2.0,England,Defender,Manchester City,B — MATERIAL,UNRESOLVED FPL-NATIVE HISTORY,Older contemporaneous FPL archive / FPLA / preserved official JSON; do not repeat May-2013 or later-carrier sweeps
62,1940,Wayne Bridge,1497.0,18.0,16.0,,2.0,England,Defender,Manchester City,B — MATERIAL,UNRESOLVED FPL-NATIVE HISTORY,Older contemporaneous FPL archive / FPLA / preserved official JSON; do not repeat May-2013 or later-carrier sweeps
63,10089,Martin Petrov,1469.0,28.0,18.0,3.0,5.0,Bulgaria,Midfielder,Bolton Wanderers,B — MATERIAL,UNRESOLVED FPL-NATIVE HISTORY,Older contemporaneous FPL archive / FPLA / preserved official JSON; do not repeat May-2013 or later-carrier sweeps
64,4454,Peter Løvenkrands,1462.0,25.0,18.0,6.0,3.0,Denmark,Forward,Newcastle United,B — MATERIAL,UNRESOLVED FPL-NATIVE HISTORY,Older contemporaneous FPL archive / FPLA / preserved official JSON; do not repeat May-2013 or later-carrier sweeps
65,1274,David Dunn,1389.0,27.0,17.0,2.0,1.0,England,Midfielder,Oldham Athletic,B — MATERIAL,UNRESOLVED FPL-NATIVE HISTORY,Older contemporaneous FPL archive / FPLA / preserved official JSON; do not repeat May-2013 or later-carrier sweeps
66,7712,Sam Ricketts,1389.0,17.0,14.0,,,Wales,Defender,Coventry City,B — MATERIAL,UNRESOLVED FPL-NATIVE HISTORY,Older contemporaneous FPL archive / FPLA / preserved official JSON; do not repeat May-2013 or later-carrier sweeps
67,5207,Craig Gordon,1350.0,15.0,15.0,,,Scotland,Goalkeeper,Heart of Midlothian,B — MATERIAL,UNRESOLVED FPL-NATIVE HISTORY,Older contemporaneous FPL archive / FPLA / preserved official JSON; do not repeat May-2013 or later-carrier sweeps
68,18613,John Pantsil,1343.0,16.0,15.0,,,Ghana,Defender,Fulham,B — MATERIAL,UNRESOLVED FPL-NATIVE HISTORY,Older contemporaneous FPL archive / FPLA / preserved official JSON; do not repeat May-2013 or later-carrier sweeps
69,1413,Paul Konchesky,1342.0,16.0,16.0,,1.0,England,Defender,Billericay Town,B — MATERIAL,UNRESOLVED FPL-NATIVE HISTORY,Older contemporaneous FPL archive / FPLA / preserved official JSON; do not repeat May-2013 or later-carrier sweeps
70,7635,Stephen Hunt,1340.0,20.0,14.0,3.0,2.0,Ireland,Midfielder,Coventry City,B — MATERIAL,UNRESOLVED FPL-NATIVE HISTORY,Older contemporaneous FPL archive / FPLA / preserved official JSON; do not repeat May-2013 or later-carrier sweeps
71,32317,Jermaine Beckford,1319.0,32.0,14.0,8.0,2.0,Jamaica,Forward,Bury,B — MATERIAL,UNRESOLVED FPL-NATIVE HISTORY,Older contemporaneous FPL archive / FPLA / preserved official JSON; do not repeat May-2013 or later-carrier sweeps
72,26883,Nikola Zigic,1310.0,25.0,13.0,5.0,3.0,Serbia,Forward,Birmingham City,B — MATERIAL,UNRESOLVED FPL-NATIVE HISTORY,Older contemporaneous FPL archive / FPLA / preserved official JSON; do not repeat May-2013 or later-carrier sweeps
73,19557,Sylvan Ebanks-Blake,1305.0,30.0,11.0,7.0,3.0,England,Forward,AFC Telford United,B — MATERIAL,UNRESOLVED FPL-NATIVE HISTORY,Older contemporaneous FPL archive / FPLA / preserved official JSON; do not repeat May-2013 or later-carrier sweeps
74,17152,Jermaine Jones,1296.0,15.0,15.0,,,United States,Midfielder,Blackburn Rovers,B — MATERIAL,UNRESOLVED FPL-NATIVE HISTORY,Older contemporaneous FPL archive / FPLA / preserved official JSON; do not repeat May-2013 or later-carrier sweeps
75,37863,Manuel da Costa,1293.0,16.0,14.0,1.0,,Morocco,Defender,Trabzonspor,B — MATERIAL,UNRESOLVED FPL-NATIVE HISTORY,Older contemporaneous FPL archive / FPLA / preserved official JSON; do not repeat May-2013 or later-carrier sweeps
76,5700,Marcus Hahnemann,1260.0,14.0,14.0,,,United States,Goalkeeper,Everton,B — MATERIAL,UNRESOLVED FPL-NATIVE HISTORY,Older contemporaneous FPL archive / FPLA / preserved official JSON; do not repeat May-2013 or later-carrier sweeps
77,37847,Ronald Zubar,1258.0,15.0,14.0,1.0,,Guadeloupe,Defender,Wolverhampton Wanderers,B — MATERIAL,UNRESOLVED FPL-NATIVE HISTORY,Older contemporaneous FPL archive / FPLA / preserved official JSON; do not repeat May-2013 or later-carrier sweeps
78,40691,Jérôme Boateng,1239.0,16.0,14.0,,,Germany,Defender,LASK,B — MATERIAL,UNRESOLVED FPL-NATIVE HISTORY,Older contemporaneous FPL archive / FPLA / preserved official JSON; do not repeat May-2013 or later-carrier sweeps
79,18639,Marek Cech,1219.0,15.0,14.0,,1.0,Slovakia,Defender,Trabzonspor,B — MATERIAL,UNRESOLVED FPL-NATIVE HISTORY,Older contemporaneous FPL archive / FPLA / preserved official JSON; do not repeat May-2013 or later-carrier sweeps
80,7195,John Mensah,1195.0,18.0,15.0,,1.0,Ghana,Defender,Lyon,B — MATERIAL,UNRESOLVED FPL-NATIVE HISTORY,Older contemporaneous FPL archive / FPLA / preserved official JSON; do not repeat May-2013 or later-carrier sweeps
81,1989,Jody Craddock,1176.0,15.0,14.0,1.0,,England,Defender,Wolverhampton Wanderers,B — MATERIAL,UNRESOLVED FPL-NATIVE HISTORY,Older contemporaneous FPL archive / FPLA / preserved official JSON; do not repeat May-2013 or later-carrier sweeps
82,38462,Vedran Corluka,1166.0,15.0,13.0,,1.0,Croatia,Defender,Lokomotiv Moscow,B — MATERIAL,UNRESOLVED FPL-NATIVE HISTORY,Older contemporaneous FPL archive / FPLA / preserved official JSON; do not repeat May-2013 or later-carrier sweeps
83,4101,John Carew,1152.0,20.0,13.0,1.0,1.0,Norway,Forward,Stoke City,B — MATERIAL,UNRESOLVED FPL-NATIVE HISTORY,Older contemporaneous FPL archive / FPLA / preserved official JSON; do not repeat May-2013 or later-carrier sweeps
84,14055,Abdoulaye Faye,1125.0,14.0,12.0,1.0,,Senegal,Defender,Hull City,B — MATERIAL,UNRESOLVED FPL-NATIVE HISTORY,Older contemporaneous FPL archive / FPLA / preserved official JSON; do not repeat May-2013 or later-carrier sweeps
85,28568,Jamie O'Hara,1117.0,14.0,13.0,3.0,1.0,England,Midfielder,Billericay Town,B — MATERIAL,UNRESOLVED FPL-NATIVE HISTORY,Older contemporaneous FPL archive / FPLA / preserved official JSON; do not repeat May-2013 or later-carrier sweeps
86,28565,Michael Mancienne,1116.0,16.0,13.0,,,Seychelles,Defender,Burton Albion,B — MATERIAL,UNRESOLVED FPL-NATIVE HISTORY,Older contemporaneous FPL archive / FPLA / preserved official JSON; do not repeat May-2013 or later-carrier sweeps
87,28565,Michael Mancienne,1116.0,16.0,13.0,,,Seychelles,Defender,Burton Albion,B — MATERIAL,UNRESOLVED FPL-NATIVE HISTORY,Older contemporaneous FPL archive / FPLA / preserved official JSON; do not repeat May-2013 or later-carrier sweeps
88,18658,Alex,1109.0,15.0,12.0,2.0,,Brazil,Defender,Chelsea,B — MATERIAL,UNRESOLVED FPL-NATIVE HISTORY,Older contemporaneous FPL archive / FPLA / preserved official JSON; do not repeat May-2013 or later-carrier sweeps
89,4073,Boudewijn Zenden,1108.0,27.0,10.0,2.0,3.0,Netherlands,Midfielder,Sunderland,B — MATERIAL,UNRESOLVED FPL-NATIVE HISTORY,Older contemporaneous FPL archive / FPLA / preserved official JSON; do not repeat May-2013 or later-carrier sweeps
90,5246,Aliaksandr Hleb,1092.0,19.0,13.0,1.0,2.0,Belarus,Midfielder,BATE Borisov,B — MATERIAL,UNRESOLVED FPL-NATIVE HISTORY,Older contemporaneous FPL archive / FPLA / preserved official JSON; do not repeat May-2013 or later-carrier sweeps
91,11721,Ricardo Fuller,1084.0,28.0,9.0,4.0,1.0,Jamaica,Forward,Nantwich Town,B — MATERIAL,UNRESOLVED FPL-NATIVE HISTORY,Older contemporaneous FPL archive / FPLA / preserved official JSON; do not repeat May-2013 or later-carrier sweeps
92,14042,Keith Southern,1083.0,21.0,11.0,,,England,Midfielder,Shrewsbury Town,B — MATERIAL,UNRESOLVED FPL-NATIVE HISTORY,Older contemporaneous FPL archive / FPLA / preserved official JSON; do not repeat May-2013 or later-carrier sweeps
93,11248,Sotirios Kyrgiakos,1080.0,16.0,10.0,2.0,,Greece,Defender,Sunderland,B — MATERIAL,UNRESOLVED FPL-NATIVE HISTORY,Older contemporaneous FPL archive / FPLA / preserved official JSON; do not repeat May-2013 or later-carrier sweeps
94,52876,Sandro,1075.0,19.0,11.0,1.0,,Brazil,Midfielder,Harborough Town,B — MATERIAL,UNRESOLVED FPL-NATIVE HISTORY,Older contemporaneous FPL archive / FPLA / preserved official JSON; do not repeat May-2013 or later-carrier sweeps
95,50401,Nikola Kalinic,1070.0,18.0,15.0,5.0,1.0,Croatia,Forward,Atlético de Madrid,B — MATERIAL,UNRESOLVED FPL-NATIVE HISTORY,Older contemporaneous FPL archive / FPLA / preserved official JSON; do not repeat May-2013 or later-carrier sweeps
96,38328,David N'Gog,1057.0,25.0,9.0,2.0,1.0,France,Forward,Swansea City,B — MATERIAL,UNRESOLVED FPL-NATIVE HISTORY,Older contemporaneous FPL archive / FPLA / preserved official JSON; do not repeat May-2013 or later-carrier sweeps
97,19930,Mark Davies,966.0,24.0,9.0,1.0,3.0,England,Midfielder,Bolton Wanderers,B — MATERIAL,UNRESOLVED FPL-NATIVE HISTORY,Older contemporaneous FPL archive / FPLA / preserved official JSON; do not repeat May-2013 or later-carrier sweeps
98,18005,Jonathan Spector,928.0,14.0,10.0,1.0,,United States,Defender,Birmingham City,B — MATERIAL,UNRESOLVED FPL-NATIVE HISTORY,Older contemporaneous FPL archive / FPLA / preserved official JSON; do not repeat May-2013 or later-carrier sweeps
99,17891,Diniyar Bilyaletdinov,923.0,26.0,10.0,2.0,2.0,Russia,Midfielder,Rubin Kazan,B — MATERIAL,UNRESOLVED FPL-NATIVE HISTORY,Older contemporaneous FPL archive / FPLA / preserved official JSON; do not repeat May-2013 or later-carrier sweeps
100,16236,David Edwards,921.0,15.0,12.0,1.0,1.0,Wales,Midfielder,Shrewsbury Town,B — MATERIAL,UNRESOLVED FPL-NATIVE HISTORY,Older contemporaneous FPL archive / FPLA / preserved official JSON; do not repeat May-2013 or later-carrier sweeps
101,15440,David Bentley,920.0,15.0,10.0,,1.0,England,Midfielder,Tottenham Hotspur,B — MATERIAL,UNRESOLVED FPL-NATIVE HISTORY,Older contemporaneous FPL archive / FPLA / preserved official JSON; do not repeat May-2013 or later-carrier sweeps
102,15440,David Bentley,920.0,15.0,10.0,,1.0,England,Midfielder,Tottenham Hotspur,B — MATERIAL,UNRESOLVED FPL-NATIVE HISTORY,Older contemporaneous FPL archive / FPLA / preserved official JSON; do not repeat May-2013 or later-carrier sweeps
103,1765,Emile Heskey,889.0,19.0,11.0,3.0,1.0,England,Forward,Bolton Wanderers,C — MEDIUM,UNRESOLVED FPL-NATIVE HISTORY,Older contemporaneous FPL archive / FPLA / preserved official JSON; do not repeat May-2013 or later-carrier sweeps
104,33305,Herita Ilunga,867.0,11.0,10.0,,,DR Congo,Defender,West Ham United,C — MEDIUM,UNRESOLVED FPL-NATIVE HISTORY,Older contemporaneous FPL archive / FPLA / preserved official JSON; do not repeat May-2013 or later-carrier sweeps
105,6251,Abdoulaye Méité,855.0,10.0,10.0,,,Cote d’Ivoire,Defender,Newport County,C — MEDIUM,UNRESOLVED FPL-NATIVE HISTORY,Older contemporaneous FPL archive / FPLA / preserved official JSON; do not repeat May-2013 or later-carrier sweeps
106,57069,Somen Tchoyi,814.0,23.0,7.0,6.0,1.0,Cameroon,Midfielder,West Bromwich Albion,C — MEDIUM,UNRESOLVED FPL-NATIVE HISTORY,Older contemporaneous FPL archive / FPLA / preserved official JSON; do not repeat May-2013 or later-carrier sweeps
107,7545,Steven Caldwell,812.0,10.0,8.0,,,Scotland,Defender,Wigan Athletic,C — MEDIUM,UNRESOLVED FPL-NATIVE HISTORY,Older contemporaneous FPL archive / FPLA / preserved official JSON; do not repeat May-2013 or later-carrier sweeps
108,7941,Martin Jiránek,785.0,10.0,10.0,,1.0,Czech Republic,Defender,Birmingham City,C — MEDIUM,UNRESOLVED FPL-NATIVE HISTORY,Older contemporaneous FPL archive / FPLA / preserved official JSON; do not repeat May-2013 or later-carrier sweeps
109,49997,Freddie Sears,761.0,11.0,9.0,1.0,,England,Forward,Maldon & Tiptree,C — MEDIUM,UNRESOLVED FPL-NATIVE HISTORY,Older contemporaneous FPL archive / FPLA / preserved official JSON; do not repeat May-2013 or later-carrier sweeps
110,16005,Leon Best,750.0,11.0,9.0,6.0,,Ireland,Forward,Charlton Athletic,C — MEDIUM,UNRESOLVED FPL-NATIVE HISTORY,Older contemporaneous FPL archive / FPLA / preserved official JSON; do not repeat May-2013 or later-carrier sweeps
111,9602,Christian Poulsen,744.0,12.0,9.0,,,Denmark,Midfielder,FC København,C — MEDIUM,UNRESOLVED FPL-NATIVE HISTORY,Older contemporaneous FPL archive / FPLA / preserved official JSON; do not repeat May-2013 or later-carrier sweeps
112,53069,Pablo Barrera,744.0,14.0,6.0,,,Mexico,Midfielder,West Ham United,C — MEDIUM,UNRESOLVED FPL-NATIVE HISTORY,Older contemporaneous FPL archive / FPLA / preserved official JSON; do not repeat May-2013 or later-carrier sweeps
113,14422,Manuel Almunia,720.0,8.0,8.0,,,Spain,Goalkeeper,Arsenal,C — MEDIUM,UNRESOLVED FPL-NATIVE HISTORY,Older contemporaneous FPL archive / FPLA / preserved official JSON; do not repeat May-2013 or later-carrier sweeps
114,1710,Robbie Keane,708.0,16.0,7.0,2.0,,Ireland,Forward,West Ham United,C — MEDIUM,UNRESOLVED FPL-NATIVE HISTORY,Older contemporaneous FPL archive / FPLA / preserved official JSON; do not repeat May-2013 or later-carrier sweeps
115,1710,Robbie Keane,708.0,16.0,7.0,2.0,,Ireland,Forward,West Ham United,C — MEDIUM,UNRESOLVED FPL-NATIVE HISTORY,Older contemporaneous FPL archive / FPLA / preserved official JSON; do not repeat May-2013 or later-carrier sweeps
116,19701,Emmanuel Eboué,705.0,13.0,8.0,1.0,,Cote d’Ivoire,Defender,Sunderland,C — MEDIUM,UNRESOLVED FPL-NATIVE HISTORY,Older contemporaneous FPL archive / FPLA / preserved official JSON; do not repeat May-2013 or later-carrier sweeps
117,3021,Brett Ormerod,702.0,19.0,6.0,1.0,2.0,England,Forward,Blackpool,C — MEDIUM,UNRESOLVED FPL-NATIVE HISTORY,Older contemporaneous FPL archive / FPLA / preserved official JSON; do not repeat May-2013 or later-carrier sweeps
118,15935,Pablo Ibáñez,702.0,10.0,8.0,1.0,,Spain,Defender,West Bromwich Albion,C — MEDIUM,UNRESOLVED FPL-NATIVE HISTORY,Older contemporaneous FPL archive / FPLA / preserved official JSON; do not repeat May-2013 or later-carrier sweeps
119,13239,Yakubu,669.0,14.0,7.0,1.0,1.0,Nigeria,Forward,Coventry City,C — MEDIUM,UNRESOLVED FPL-NATIVE HISTORY,Older contemporaneous FPL archive / FPLA / preserved official JSON; do not repeat May-2013 or later-carrier sweeps
120,1343,Marlon Harewood,660.0,16.0,7.0,5.0,1.0,England,Forward,Hartlepool United,C — MEDIUM,UNRESOLVED FPL-NATIVE HISTORY,Older contemporaneous FPL archive / FPLA / preserved official JSON; do not repeat May-2013 or later-carrier sweeps
121,11991,Benjani,657.0,18.0,6.0,3.0,,Zimbabwe,Forward,Blackburn Rovers,C — MEDIUM,UNRESOLVED FPL-NATIVE HISTORY,Older contemporaneous FPL archive / FPLA / preserved official JSON; do not repeat May-2013 or later-carrier sweeps
122,17526,Radoslav Kovác,628.0,13.0,7.0,,,Czech Republic,Defender,Sparta Prague,C — MEDIUM,UNRESOLVED FPL-NATIVE HISTORY,Older contemporaneous FPL archive / FPLA / preserved official JSON; do not repeat May-2013 or later-carrier sweeps
123,28440,Denilson,621.0,16.0,6.0,,,Brazil,Midfielder,Arsenal,C — MEDIUM,UNRESOLVED FPL-NATIVE HISTORY,Older contemporaneous FPL archive / FPLA / preserved official JSON; do not repeat May-2013 or later-carrier sweeps
124,37753,Julien Faubert,612.0,9.0,7.0,,,France,Defender,Bordeaux,C — MEDIUM,UNRESOLVED FPL-NATIVE HISTORY,Older contemporaneous FPL archive / FPLA / preserved official JSON; do not repeat May-2013 or later-carrier sweeps
125,18689,Yuri Zhirkov,605.0,12.0,6.0,,2.0,Russia,Midfielder,Zenit St Petersburg,C — MEDIUM,UNRESOLVED FPL-NATIVE HISTORY,Older contemporaneous FPL archive / FPLA / preserved official JSON; do not repeat May-2013 or later-carrier sweeps
126,999,Alan Smith,579.0,11.0,7.0,,,England,Midfielder,Notts County,C — MEDIUM,UNRESOLVED FPL-NATIVE HISTORY,Older contemporaneous FPL archive / FPLA / preserved official JSON; do not repeat May-2013 or later-carrier sweeps
127,3665,Fábio Aurélio,564.0,14.0,7.0,,,Brazil,Defender,Liverpool,C — MEDIUM,UNRESOLVED FPL-NATIVE HISTORY,Older contemporaneous FPL archive / FPLA / preserved official JSON; do not repeat May-2013 or later-carrier sweeps
128,5053,Roque Santa Cruz,564.0,10.0,7.0,,,Paraguay,Forward,Manchester City,C — MEDIUM,UNRESOLVED FPL-NATIVE HISTORY,Older contemporaneous FPL archive / FPLA / preserved official JSON; do not repeat May-2013 or later-carrier sweeps
129,5053,Roque Santa Cruz,564.0,10.0,7.0,,,Paraguay,Forward,Manchester City,C — MEDIUM,UNRESOLVED FPL-NATIVE HISTORY,Older contemporaneous FPL archive / FPLA / preserved official JSON; do not repeat May-2013 or later-carrier sweeps
130,40660,Adam Hammill,544.0,10.0,7.0,,1.0,England,Midfielder,Scunthorpe United,C — MEDIUM,UNRESOLVED FPL-NATIVE HISTORY,Older contemporaneous FPL archive / FPLA / preserved official JSON; do not repeat May-2013 or later-carrier sweeps
131,14791,Sulley Muntari,538.0,9.0,7.0,1.0,2.0,Ghana,Midfielder,Milan,C — MEDIUM,UNRESOLVED FPL-NATIVE HISTORY,Older contemporaneous FPL archive / FPLA / preserved official JSON; do not repeat May-2013 or later-carrier sweeps
132,19958,David Wheater,535.0,7.0,5.0,,,England,Defender,Oldham Athletic,C — MEDIUM,UNRESOLVED FPL-NATIVE HISTORY,Older contemporaneous FPL archive / FPLA / preserved official JSON; do not repeat May-2013 or later-carrier sweeps
133,11529,Diomansy Kamara,535.0,10.0,7.0,2.0,,Senegal,Forward,Fulham,C — MEDIUM,UNRESOLVED FPL-NATIVE HISTORY,Older contemporaneous FPL archive / FPLA / preserved official JSON; do not repeat May-2013 or later-carrier sweeps
134,1863,Jonathan Greening,528.0,10.0,6.0,,2.0,England,Midfielder,York City,C — MEDIUM,UNRESOLVED FPL-NATIVE HISTORY,Older contemporaneous FPL archive / FPLA / preserved official JSON; do not repeat May-2013 or later-carrier sweeps
135,14489,Danny Pugh,521.0,10.0,5.0,,,England,Defender,Port Vale,C — MEDIUM,UNRESOLVED FPL-NATIVE HISTORY,Older contemporaneous FPL archive / FPLA / preserved official JSON; do not repeat May-2013 or later-carrier sweeps
136,32275,Cristian Riveros,497.0,12.0,5.0,1.0,,Paraguay,Midfielder,Sunderland,C — MEDIUM,UNRESOLVED FPL-NATIVE HISTORY,Older contemporaneous FPL archive / FPLA / preserved official JSON; do not repeat May-2013 or later-carrier sweeps
137,80954,Rodrigo,494.0,17.0,4.0,1.0,1.0,Spain,Forward,Leeds United,C — MEDIUM,UNRESOLVED FPL-NATIVE HISTORY,Older contemporaneous FPL archive / FPLA / preserved official JSON; do not repeat May-2013 or later-carrier sweeps
138,16815,David Carney,490.0,11.0,5.0,,,Australia,Defender,Blackpool,C — MEDIUM,UNRESOLVED FPL-NATIVE HISTORY,Older contemporaneous FPL archive / FPLA / preserved official JSON; do not repeat May-2013 or later-carrier sweeps
139,1593,Patrick Vieira,487.0,15.0,4.0,2.0,,France,Midfielder,Manchester City,C — MEDIUM,UNRESOLVED FPL-NATIVE HISTORY,Older contemporaneous FPL archive / FPLA / preserved official JSON; do not repeat May-2013 or later-carrier sweeps
140,1972,Kevin Phillips,485.0,14.0,5.0,1.0,,England,Forward,Birmingham City,C — MEDIUM,UNRESOLVED FPL-NATIVE HISTORY,Older contemporaneous FPL archive / FPLA / preserved official JSON; do not repeat May-2013 or later-carrier sweeps
141,1310,Eidur Gudjohnsen,472.0,14.0,4.0,,1.0,Iceland,Forward,Molde,C — MEDIUM,UNRESOLVED FPL-NATIVE HISTORY,Older contemporaneous FPL archive / FPLA / preserved official JSON; do not repeat May-2013 or later-carrier sweeps
142,1310,Eidur Gudjohnsen,472.0,14.0,4.0,,1.0,Iceland,Forward,Molde,C — MEDIUM,UNRESOLVED FPL-NATIVE HISTORY,Older contemporaneous FPL archive / FPLA / preserved official JSON; do not repeat May-2013 or later-carrier sweeps
143,17744,Matt Derbyshire,461.0,13.0,4.0,,,England,Forward,Bradford City,C — MEDIUM,UNRESOLVED FPL-NATIVE HISTORY,Older contemporaneous FPL archive / FPLA / preserved official JSON; do not repeat May-2013 or later-carrier sweeps
144,41106,Milan Jovanovic,461.0,10.0,5.0,,,Serbia,Forward,Liverpool,C — MEDIUM,UNRESOLVED FPL-NATIVE HISTORY,Older contemporaneous FPL archive / FPLA / preserved official JSON; do not repeat May-2013 or later-carrier sweeps
145,10135,Tomasz Kuszczak,450.0,5.0,5.0,,,Poland,Goalkeeper,Birmingham City,C — MEDIUM,UNRESOLVED FPL-NATIVE HISTORY,Older contemporaneous FPL archive / FPLA / preserved official JSON; do not repeat May-2013 or later-carrier sweeps
146,1938,James Beattie,433.0,9.0,5.0,,3.0,England,Forward,Blackpool,C — MEDIUM,UNRESOLVED FPL-NATIVE HISTORY,Older contemporaneous FPL archive / FPLA / preserved official JSON; do not repeat May-2013 or later-carrier sweeps
147,39800,Ludovic Sylvestre,429.0,8.0,6.0,,,France,Midfielder,Blackpool,C — MEDIUM,UNRESOLVED FPL-NATIVE HISTORY,Older contemporaneous FPL archive / FPLA / preserved official JSON; do not repeat May-2013 or later-carrier sweeps
148,11269,David Murphy,420.0,10.0,3.0,,,England,Defender,Birmingham City,C — MEDIUM,UNRESOLVED FPL-NATIVE HISTORY,Older contemporaneous FPL archive / FPLA / preserved official JSON; do not repeat May-2013 or later-carrier sweeps
149,1886,Sol Campbell,406.0,7.0,4.0,,,England,Defender,Newcastle United,C — MEDIUM,UNRESOLVED FPL-NATIVE HISTORY,Older contemporaneous FPL archive / FPLA / preserved official JSON; do not repeat May-2013 or later-carrier sweeps
150,7907,Stuart Parnaby,405.0,5.0,5.0,,,England,Defender,Hartlepool United,C — MEDIUM,UNRESOLVED FPL-NATIVE HISTORY,Older contemporaneous FPL archive / FPLA / preserved official JSON; do not repeat May-2013 or later-carrier sweeps
151,50113,Zavon Hines,402.0,9.0,4.0,,,England,Forward,Bromley,C — MEDIUM,UNRESOLVED FPL-NATIVE HISTORY,Older contemporaneous FPL archive / FPLA / preserved official JSON; do not repeat May-2013 or later-carrier sweeps
152,38401,Carlos Vela,377.0,12.0,3.0,3.0,1.0,Mexico,Forward,Los Angeles Football Club,C — MEDIUM,UNRESOLVED FPL-NATIVE HISTORY,Older contemporaneous FPL archive / FPLA / preserved official JSON; do not repeat May-2013 or later-carrier sweeps
153,38401,Carlos Vela,377.0,12.0,3.0,3.0,1.0,Mexico,Forward,Los Angeles Football Club,C — MEDIUM,UNRESOLVED FPL-NATIVE HISTORY,Older contemporaneous FPL archive / FPLA / preserved official JSON; do not repeat May-2013 or later-carrier sweeps
154,28097,Niko Kranjcar,368.0,13.0,2.0,2.0,,Croatia,Midfielder,Dynamo Kyiv,C — MEDIUM,UNRESOLVED FPL-NATIVE HISTORY,Older contemporaneous FPL archive / FPLA / preserved official JSON; do not repeat May-2013 or later-carrier sweeps
155,59325,Gaël Kakuta,351.0,12.0,3.0,1.0,,DR Congo,Midfielder,Sakaryaspor,C — MEDIUM,UNRESOLVED FPL-NATIVE HISTORY,Older contemporaneous FPL archive / FPLA / preserved official JSON; do not repeat May-2013 or later-carrier sweeps
156,59325,Gaël Kakuta,351.0,12.0,3.0,1.0,,DR Congo,Midfielder,Sakaryaspor,C — MEDIUM,UNRESOLVED FPL-NATIVE HISTORY,Older contemporaneous FPL archive / FPLA / preserved official JSON; do not repeat May-2013 or later-carrier sweeps
157,80235,Dedryck Boyata,347.0,7.0,5.0,,,Belgium,Defender,Club Brugge,C — MEDIUM,UNRESOLVED FPL-NATIVE HISTORY,Older contemporaneous FPL archive / FPLA / preserved official JSON; do not repeat May-2013 or later-carrier sweeps
158,39461,Jô,342.0,12.0,3.0,,,Brazil,Forward,Manchester City,C — MEDIUM,UNRESOLVED FPL-NATIVE HISTORY,Older contemporaneous FPL archive / FPLA / preserved official JSON; do not repeat May-2013 or later-carrier sweeps
159,5543,Chris Kirkland,332.0,4.0,4.0,,,England,Goalkeeper,Bury,C — MEDIUM,UNRESOLVED FPL-NATIVE HISTORY,Older contemporaneous FPL archive / FPLA / preserved official JSON; do not repeat May-2013 or later-carrier sweeps
160,45175,Ádám Bogdán,321.0,4.0,3.0,,,Hungary,Goalkeeper,Ferencváros,C — MEDIUM,UNRESOLVED FPL-NATIVE HISTORY,Older contemporaneous FPL archive / FPLA / preserved official JSON; do not repeat May-2013 or later-carrier sweeps
161,1307,Ricardo Gardner,321.0,5.0,3.0,,1.0,Jamaica,Midfielder,Bolton Wanderers,C — MEDIUM,UNRESOLVED FPL-NATIVE HISTORY,Older contemporaneous FPL archive / FPLA / preserved official JSON; do not repeat May-2013 or later-carrier sweeps
162,18621,Tamir Cohen,320.0,8.0,3.0,1.0,,Israel,Midfielder,Bolton Wanderers,C — MEDIUM,UNRESOLVED FPL-NATIVE HISTORY,Older contemporaneous FPL archive / FPLA / preserved official JSON; do not repeat May-2013 or later-carrier sweeps
163,9765,Ivan Klasnic,311.0,22.0,,4.0,1.0,Croatia,Forward,Bolton Wanderers,C — MEDIUM,UNRESOLVED FPL-NATIVE HISTORY,Older contemporaneous FPL archive / FPLA / preserved official JSON; do not repeat May-2013 or later-carrier sweeps
164,13524,Vince Grella,310.0,5.0,4.0,,,Australia,Midfielder,Blackburn Rovers,C — MEDIUM,UNRESOLVED FPL-NATIVE HISTORY,Older contemporaneous FPL archive / FPLA / preserved official JSON; do not repeat May-2013 or later-carrier sweeps
165,20568,Giles Barnes,307.0,14.0,1.0,,,Jamaica,Midfielder,West Bromwich Albion,C — MEDIUM,UNRESOLVED FPL-NATIVE HISTORY,Older contemporaneous FPL archive / FPLA / preserved official JSON; do not repeat May-2013 or later-carrier sweeps
166,14934,Obafemi Martins,250.0,4.0,3.0,,,Nigeria,Forward,Birmingham City,D — LOW EXPOSURE,UNRESOLVED FPL-NATIVE HISTORY,Older contemporaneous FPL archive / FPLA / preserved official JSON; do not repeat May-2013 or later-carrier sweeps
167,3884,Robert Pirès,248.0,9.0,2.0,,,France,Midfielder,Aston Villa,D — LOW EXPOSURE,UNRESOLVED FPL-NATIVE HISTORY,Older contemporaneous FPL archive / FPLA / preserved official JSON; do not repeat May-2013 or later-carrier sweeps
168,7670,Keith Andrews,225.0,5.0,2.0,,,Ireland,Midfielder,MK Dons,D — LOW EXPOSURE,UNRESOLVED FPL-NATIVE HISTORY,Older contemporaneous FPL archive / FPLA / preserved official JSON; do not repeat May-2013 or later-carrier sweeps
169,15540,Eddie Johnson,213.0,11.0,1.0,,,United States,Forward,Fulham,D — LOW EXPOSURE,UNRESOLVED FPL-NATIVE HISTORY,Older contemporaneous FPL archive / FPLA / preserved official JSON; do not repeat May-2013 or later-carrier sweeps
170,8411,Andy Reid,202.0,7.0,2.0,,,Ireland,Midfielder,Nottingham Forest,D — LOW EXPOSURE,UNRESOLVED FPL-NATIVE HISTORY,Older contemporaneous FPL archive / FPLA / preserved official JSON; do not repeat May-2013 or later-carrier sweeps
171,6808,Habib Beye,181.0,3.0,2.0,,,Senegal,Defender,Aston Villa,D — LOW EXPOSURE,UNRESOLVED FPL-NATIVE HISTORY,Older contemporaneous FPL archive / FPLA / preserved official JSON; do not repeat May-2013 or later-carrier sweeps
172,20293,Sergei Kornilenko,179.0,6.0,3.0,,,Belarus,Forward,Blackpool,D — LOW EXPOSURE,UNRESOLVED FPL-NATIVE HISTORY,Older contemporaneous FPL archive / FPLA / preserved official JSON; do not repeat May-2013 or later-carrier sweeps
173,44528,Steven Mouyokolo,158.0,4.0,2.0,,,France,Defender,Wolverhampton Wanderers,D — LOW EXPOSURE,UNRESOLVED FPL-NATIVE HISTORY,Older contemporaneous FPL archive / FPLA / preserved official JSON; do not repeat May-2013 or later-carrier sweeps
174,20673,Roman Bednár,128.0,4.0,1.0,,,Czech Republic,Forward,West Bromwich Albion,D — LOW EXPOSURE,UNRESOLVED FPL-NATIVE HISTORY,Older contemporaneous FPL archive / FPLA / preserved official JSON; do not repeat May-2013 or later-carrier sweeps
175,8379,Paul Rachubka,124.0,2.0,1.0,,,United States,Goalkeeper,Bury,D — LOW EXPOSURE,UNRESOLVED FPL-NATIVE HISTORY,Older contemporaneous FPL archive / FPLA / preserved official JSON; do not repeat May-2013 or later-carrier sweeps
176,40386,Chris Basham,120.0,2.0,1.0,,1.0,England,Defender,Sheffield United,D — LOW EXPOSURE,UNRESOLVED FPL-NATIVE HISTORY,Older contemporaneous FPL archive / FPLA / preserved official JSON; do not repeat May-2013 or later-carrier sweeps
177,86168,Rubén Rochina,117.0,4.0,1.0,,,Spain,Midfielder,Granada CF,D — LOW EXPOSURE,UNRESOLVED FPL-NATIVE HISTORY,Older contemporaneous FPL archive / FPLA / preserved official JSON; do not repeat May-2013 or later-carrier sweeps
178,39233,Gianni Zuiverloon,116.0,2.0,1.0,,,Netherlands,Defender,West Bromwich Albion,D — LOW EXPOSURE,UNRESOLVED FPL-NATIVE HISTORY,Older contemporaneous FPL archive / FPLA / preserved official JSON; do not repeat May-2013 or later-carrier sweeps
179,77453,Jeffrey Bruma,108.0,2.0,1.0,,,Netherlands,Defender,VfL Wolfsburg,D — LOW EXPOSURE,UNRESOLVED FPL-NATIVE HISTORY,Older contemporaneous FPL archive / FPLA / preserved official JSON; do not repeat May-2013 or later-carrier sweeps
180,15410,Rob Edwards,106.0,2.0,1.0,,,Wales,Defender,Blackpool,D — LOW EXPOSURE,UNRESOLVED FPL-NATIVE HISTORY,Older contemporaneous FPL archive / FPLA / preserved official JSON; do not repeat May-2013 or later-carrier sweeps
181,2053,Jason Euell,105.0,3.0,1.0,,,Jamaica,Forward,Blackpool,D — LOW EXPOSURE,UNRESOLVED FPL-NATIVE HISTORY,Older contemporaneous FPL archive / FPLA / preserved official JSON; do not repeat May-2013 or later-carrier sweeps
182,20493,Ishmael Miller,96.0,6.0,,,,England,Forward,Tranmere Rovers,D — LOW EXPOSURE,UNRESOLVED FPL-NATIVE HISTORY,Older contemporaneous FPL archive / FPLA / preserved official JSON; do not repeat May-2013 or later-carrier sweeps
183,4105,Jens Lehmann,90.0,1.0,1.0,,,Germany,Goalkeeper,Arsenal,D — LOW EXPOSURE,UNRESOLVED FPL-NATIVE HISTORY,Older contemporaneous FPL archive / FPLA / preserved official JSON; do not repeat May-2013 or later-carrier sweeps
184,39196,Ruud Boffin,90.0,1.0,1.0,,,Belgium,Goalkeeper,West Ham United,D — LOW EXPOSURE,UNRESOLVED FPL-NATIVE HISTORY,Older contemporaneous FPL archive / FPLA / preserved official JSON; do not repeat May-2013 or later-carrier sweeps
185,87860,Josh Morris,83.0,4.0,,,1.0,England,Midfielder,Salford City,D — LOW EXPOSURE,UNRESOLVED FPL-NATIVE HISTORY,Older contemporaneous FPL archive / FPLA / preserved official JSON; do not repeat May-2013 or later-carrier sweeps
186,84374,Bebé,75.0,2.0,,,,Cape Verde,Forward,Racing Ferrol,D — LOW EXPOSURE,UNRESOLVED FPL-NATIVE HISTORY,Older contemporaneous FPL archive / FPLA / preserved official JSON; do not repeat May-2013 or later-carrier sweeps
187,48730,Piscu,69.0,1.0,1.0,,,Spain,Defender,Wigan Athletic,D — LOW EXPOSURE,UNRESOLVED FPL-NATIVE HISTORY,Older contemporaneous FPL archive / FPLA / preserved official JSON; do not repeat May-2013 or later-carrier sweeps
188,92488,Jason Lowe,66.0,1.0,,,,England,Midfielder,Tranmere Rovers,D — LOW EXPOSURE,UNRESOLVED FPL-NATIVE HISTORY,Older contemporaneous FPL archive / FPLA / preserved official JSON; do not repeat May-2013 or later-carrier sweeps
189,38159,Herold Goulon,57.0,4.0,1.0,,,France,Midfielder,Blackburn Rovers,D — LOW EXPOSURE,UNRESOLVED FPL-NATIVE HISTORY,Older contemporaneous FPL archive / FPLA / preserved official JSON; do not repeat May-2013 or later-carrier sweeps
190,18004,Colin Doyle,49.0,1.0,,,,Ireland,Goalkeeper,Bradford City,D — LOW EXPOSURE,UNRESOLVED FPL-NATIVE HISTORY,Older contemporaneous FPL archive / FPLA / preserved official JSON; do not repeat May-2013 or later-carrier sweeps
191,40545,Kazenga LuaLua,47.0,2.0,,,,DR Congo,Forward,Charlton Athletic,D — LOW EXPOSURE,UNRESOLVED FPL-NATIVE HISTORY,Older contemporaneous FPL archive / FPLA / preserved official JSON; do not repeat May-2013 or later-carrier sweeps
192,1615,Robbie Blake,43.0,8.0,,1.0,,England,Midfielder,Bolton Wanderers,D — LOW EXPOSURE,UNRESOLVED FPL-NATIVE HISTORY,Older contemporaneous FPL archive / FPLA / preserved official JSON; do not repeat May-2013 or later-carrier sweeps
193,19410,Andy Keogh,40.0,1.0,,,,Ireland,Forward,Wolverhampton Wanderers,D — LOW EXPOSURE,UNRESOLVED FPL-NATIVE HISTORY,Older contemporaneous FPL archive / FPLA / preserved official JSON; do not repeat May-2013 or later-carrier sweeps
194,56996,Amine Linganzi,38.0,1.0,,,,Congo,Midfielder,Salford City,D — LOW EXPOSURE,UNRESOLVED FPL-NATIVE HISTORY,Older contemporaneous FPL archive / FPLA / preserved official JSON; do not repeat May-2013 or later-carrier sweeps
195,27498,Ishmel Demontagnac,33.0,1.0,,,,England,Midfielder,Blackpool,D — LOW EXPOSURE,UNRESOLVED FPL-NATIVE HISTORY,Older contemporaneous FPL archive / FPLA / preserved official JSON; do not repeat May-2013 or later-carrier sweeps
196,37368,Michael Bradley,28.0,3.0,,,,United States,Midfielder,Aston Villa,D — LOW EXPOSURE,UNRESOLVED FPL-NATIVE HISTORY,Older contemporaneous FPL archive / FPLA / preserved official JSON; do not repeat May-2013 or later-carrier sweeps
197,2521,Mike Pollitt,28.0,1.0,,,,England,Goalkeeper,Wigan Athletic,D — LOW EXPOSURE,UNRESOLVED FPL-NATIVE HISTORY,Older contemporaneous FPL archive / FPLA / preserved official JSON; do not repeat May-2013 or later-carrier sweeps
198,75996,Jordan Cook,27.0,3.0,,,,England,Forward,Hartlepool United,D — LOW EXPOSURE,UNRESOLVED FPL-NATIVE HISTORY,Older contemporaneous FPL archive / FPLA / preserved official JSON; do not repeat May-2013 or later-carrier sweeps
199,37417,Bjørn Helge Riise,26.0,3.0,,,,Norway,Midfielder,Fulham,D — LOW EXPOSURE,UNRESOLVED FPL-NATIVE HISTORY,Older contemporaneous FPL archive / FPLA / preserved official JSON; do not repeat May-2013 or later-carrier sweeps
200,11535,Michael Tonge,25.0,2.0,,,,England,Midfielder,Port Vale,D — LOW EXPOSURE,UNRESOLVED FPL-NATIVE HISTORY,Older contemporaneous FPL archive / FPLA / preserved official JSON; do not repeat May-2013 or later-carrier sweeps
201,59968,Mark Halstead,24.0,1.0,,,,England,Goalkeeper,Torquay United,D — LOW EXPOSURE,UNRESOLVED FPL-NATIVE HISTORY,Older contemporaneous FPL archive / FPLA / preserved official JSON; do not repeat May-2013 or later-carrier sweeps
202,7799,Shefki Kuqi,23.0,6.0,,,,Finland,Forward,Newcastle United,D — LOW EXPOSURE,UNRESOLVED FPL-NATIVE HISTORY,Older contemporaneous FPL archive / FPLA / preserved official JSON; do not repeat May-2013 or later-carrier sweeps
203,14927,Greg Halford,20.0,2.0,,,,England,Defender,Southend United,D — LOW EXPOSURE,UNRESOLVED FPL-NATIVE HISTORY,Older contemporaneous FPL archive / FPLA / preserved official JSON; do not repeat May-2013 or later-carrier sweeps
204,56006,Ryan McGivern,20.0,1.0,,,,Northern Ireland,Defender,Swindon Town,D — LOW EXPOSURE,UNRESOLVED FPL-NATIVE HISTORY,Older contemporaneous FPL archive / FPLA / preserved official JSON; do not repeat May-2013 or later-carrier sweeps
205,20085,Xisco,18.0,2.0,,,1.0,Spain,Forward,Newcastle United,D — LOW EXPOSURE,UNRESOLVED FPL-NATIVE HISTORY,Older contemporaneous FPL archive / FPLA / preserved official JSON; do not repeat May-2013 or later-carrier sweeps
206,50117,Rafik Halliche,14.0,1.0,,,,Algeria,Defender,Fulham,D — LOW EXPOSURE,UNRESOLVED FPL-NATIVE HISTORY,Older contemporaneous FPL archive / FPLA / preserved official JSON; do not repeat May-2013 or later-carrier sweeps
207,1450,Marcus Bent,12.0,3.0,,,,England,Forward,Birmingham City,D — LOW EXPOSURE,UNRESOLVED FPL-NATIVE HISTORY,Older contemporaneous FPL archive / FPLA / preserved official JSON; do not repeat May-2013 or later-carrier sweeps
208,54662,Geoffrey Mujangi Bia,11.0,1.0,,,1.0,Belgium,Midfielder,Akhisarspor,D — LOW EXPOSURE,UNRESOLVED FPL-NATIVE HISTORY,Older contemporaneous FPL archive / FPLA / preserved official JSON; do not repeat May-2013 or later-carrier sweeps
209,5043,Owen Hargreaves,10.0,1.0,1.0,,,England,Midfielder,Manchester City,D — LOW EXPOSURE,UNRESOLVED FPL-NATIVE HISTORY,Older contemporaneous FPL archive / FPLA / preserved official JSON; do not repeat May-2013 or later-carrier sweeps
210,56865,Jay Emmanuel-Thomas,9.0,1.0,,,,England,Forward,Braintree Town,D — LOW EXPOSURE,UNRESOLVED FPL-NATIVE HISTORY,Older contemporaneous FPL archive / FPLA / preserved official JSON; do not repeat May-2013 or later-carrier sweeps
211,43016,Daniel Pacheco,4.0,1.0,,,,Spain,Forward,Liverpool,D — LOW EXPOSURE,UNRESOLVED FPL-NATIVE HISTORY,Older contemporaneous FPL archive / FPLA / preserved official JSON; do not repeat May-2013 or later-carrier sweeps
212,46967,Kagisho Dikgacoi,4.0,1.0,,,,South Africa,Midfielder,Cardiff City,D — LOW EXPOSURE,UNRESOLVED FPL-NATIVE HISTORY,Older contemporaneous FPL archive / FPLA / preserved official JSON; do not repeat May-2013 or later-carrier sweeps
213,70755,Frank Nouble,2.0,2.0,,,,England,Forward,Gateshead,D — LOW EXPOSURE,UNRESOLVED FPL-NATIVE HISTORY,Older contemporaneous FPL archive / FPLA / preserved official JSON; do not repeat May-2013 or later-carrier sweeps
214,94685,Reece Wabara,2.0,1.0,,,,England,Defender,Bolton Wanderers,D — LOW EXPOSURE,UNRESOLVED FPL-NATIVE HISTORY,Older contemporaneous FPL archive / FPLA / preserved official JSON; do not repeat May-2013 or later-carrier sweeps
