club,player,total,start,sub,came_on,off,goals,source_url
"Aston Villa","Alan Wright","38","38","0","0","0","1","https://statbunker.com/competitions/SeasonAppearances?club_id=24&comp_id=9"
"Aston Villa","Ugo Ehiogu","38","38","0","0","0","3","https://statbunker.com/competitions/SeasonAppearances?club_id=24&comp_id=9"
"Aston Villa","Dwight Yorke","37","37","0","0","3","17","https://statbunker.com/competitions/SeasonAppearances?club_id=24&comp_id=9"
"Aston Villa","Andy Townsend","34","34","0","0","2","2","https://statbunker.com/competitions/SeasonAppearances?club_id=24&comp_id=9"
"Aston Villa","Fernando Nelson","34","33","2","1","4","0","https://statbunker.com/competitions/SeasonAppearances?club_id=24&comp_id=9"
"Aston Villa","Ian Taylor","34","29","5","5","2","2","https://statbunker.com/competitions/SeasonAppearances?club_id=24&comp_id=9"
"Aston Villa","Steve Staunton","30","30","0","0","5","2","https://statbunker.com/competitions/SeasonAppearances?club_id=24&comp_id=9"
"Aston Villa","Savo Milosevic","30","29","1","1","8","9","https://statbunker.com/competitions/SeasonAppearances?club_id=24&comp_id=9"
"Aston Villa","Mark Draper","29","28","3","1","10","0","https://statbunker.com/competitions/SeasonAppearances?club_id=24&comp_id=9"
"Aston Villa","Gareth Southgate","28","28","0","0","1","1","https://statbunker.com/competitions/SeasonAppearances?club_id=24&comp_id=9"
"Aston Villa","Sasa Curcic","22","17","11","5","10","0","https://statbunker.com/competitions/SeasonAppearances?club_id=24&comp_id=9"
"Aston Villa","Mark Bosnich","20","20","3","0","2","0","https://statbunker.com/competitions/SeasonAppearances?club_id=24&comp_id=9"
"Aston Villa","Michael Oakes","20","18","19","2","0","0","https://statbunker.com/competitions/SeasonAppearances?club_id=24&comp_id=9"
"Aston Villa","Tommy Johnson","20","10","16","10","2","4","https://statbunker.com/competitions/SeasonAppearances?club_id=24&comp_id=9"
"Aston Villa","Riccardo Scimeca","17","11","15","6","0","0","https://statbunker.com/competitions/SeasonAppearances?club_id=24&comp_id=9"
"Aston Villa","Julian Joachim","15","3","33","12","2","3","https://statbunker.com/competitions/SeasonAppearances?club_id=24&comp_id=9"
"Aston Villa","Carl Tiler","11","9","9","2","1","1","https://statbunker.com/competitions/SeasonAppearances?club_id=24&comp_id=9"
"Aston Villa","David Hughes","7","4","8","3","1","0","https://statbunker.com/competitions/SeasonAppearances?club_id=24&comp_id=9"
"Aston Villa","Lee Hendrie","4","0","16","4","0","0","https://statbunker.com/competitions/SeasonAppearances?club_id=24&comp_id=9"
"Aston Villa","Gareth Farrelly","3","1","17","2","0","0","https://statbunker.com/competitions/SeasonAppearances?club_id=24&comp_id=9"
"Aston Villa","Scott Murray","1","1","8","0","1","0","https://statbunker.com/competitions/SeasonAppearances?club_id=24&comp_id=9"
"Aston Villa","Neil Davis","0","0","1","0","0","0","https://statbunker.com/competitions/SeasonAppearances?club_id=24&comp_id=9"
"Aston Villa","Paul McGrath","0","0","7","0","0","0","https://statbunker.com/competitions/SeasonAppearances?club_id=24&comp_id=9"
"Aston Villa","Adam Rachel","0","0","14","0","0","0","https://statbunker.com/competitions/SeasonAppearances?club_id=24&comp_id=9"
"Aston Villa","Stuart Brock","0","0","2","0","0","0","https://statbunker.com/competitions/SeasonAppearances?club_id=24&comp_id=9"
"Blackburn Rovers","Tim Sherwood","37","37","0","0","3","3","https://statbunker.com/competitions/SeasonAppearances?club_id=34&comp_id=9"
"Blackburn Rovers","Jeff Kenna","37","37","0","0","3","0","https://statbunker.com/competitions/SeasonAppearances?club_id=34&comp_id=9"
"Blackburn Rovers","Henning Berg","36","36","0","0","0","2","https://statbunker.com/competitions/SeasonAppearances?club_id=34&comp_id=9"
"Blackburn Rovers","Tim Flowers","36","36","2","0","0","0","https://statbunker.com/competitions/SeasonAppearances?club_id=34&comp_id=9"
"Blackburn Rovers","Colin Hendry","35","35","0","0","3","1","https://statbunker.com/competitions/SeasonAppearances?club_id=34&comp_id=9"
"Blackburn Rovers","Kevin Gallacher","34","34","0","0","10","10","https://statbunker.com/competitions/SeasonAppearances?club_id=34&comp_id=9"
"Blackburn Rovers","Garry Flitcroft","28","27","3","1","8","3","https://statbunker.com/competitions/SeasonAppearances?club_id=34&comp_id=9"
"Blackburn Rovers","Jason Wilcox","28","26","4","2","5","2","https://statbunker.com/competitions/SeasonAppearances?club_id=34&comp_id=9"
"Blackburn Rovers","Graeme Le Saux","26","26","0","0","1","1","https://statbunker.com/competitions/SeasonAppearances?club_id=34&comp_id=9"
"Blackburn Rovers","Chris Sutton","25","24","1","1","3","11","https://statbunker.com/competitions/SeasonAppearances?club_id=34&comp_id=9"
"Blackburn Rovers","Billy McKinlay","25","23","6","2","3","1","https://statbunker.com/competitions/SeasonAppearances?club_id=34&comp_id=9"
"Blackburn Rovers","Lars Bohinen","23","17","13","6","0","2","https://statbunker.com/competitions/SeasonAppearances?club_id=34&comp_id=9"
"Blackburn Rovers","George Donis","22","11","20","11","4","2","https://statbunker.com/competitions/SeasonAppearances?club_id=34&comp_id=9"
"Blackburn Rovers","Graham Fenton","13","5","14","8","0","1","https://statbunker.com/competitions/SeasonAppearances?club_id=34&comp_id=9"
"Blackburn Rovers","Stuart Ripley","13","5","12","8","3","0","https://statbunker.com/competitions/SeasonAppearances?club_id=34&comp_id=9"
"Blackburn Rovers","Ian Pearce","12","7","8","5","1","0","https://statbunker.com/competitions/SeasonAppearances?club_id=34&comp_id=9"
"Blackburn Rovers","Per Pedersen","11","6","6","5","8","1","https://statbunker.com/competitions/SeasonAppearances?club_id=34&comp_id=9"
"Blackburn Rovers","Paul Warhurst","11","5","16","6","3","2","https://statbunker.com/competitions/SeasonAppearances?club_id=34&comp_id=9"
"Blackburn Rovers","Chris Coleman","8","8","0","0","2","0","https://statbunker.com/competitions/SeasonAppearances?club_id=34&comp_id=9"
"Blackburn Rovers","Nicky Marker","7","5","24","2","0","0","https://statbunker.com/competitions/SeasonAppearances?club_id=34&comp_id=9"
"Blackburn Rovers","Gary Croft","5","4","11","1","0","0","https://statbunker.com/competitions/SeasonAppearances?club_id=34&comp_id=9"
"Blackburn Rovers","Shay Given","2","2","36","0","0","0","https://statbunker.com/competitions/SeasonAppearances?club_id=34&comp_id=9"
"Blackburn Rovers","Niklas Gudmundsson","2","0","7","2","0","0","https://statbunker.com/competitions/SeasonAppearances?club_id=34&comp_id=9"
"Blackburn Rovers","James Beattie","1","1","0","0","0","0","https://statbunker.com/competitions/SeasonAppearances?club_id=34&comp_id=9"
"Blackburn Rovers","Damien Duff","1","1","4","0","0","0","https://statbunker.com/competitions/SeasonAppearances?club_id=34&comp_id=9"
"Blackburn Rovers","Marlon Broomes","0","0","3","0","0","0","https://statbunker.com/competitions/SeasonAppearances?club_id=34&comp_id=9"
"Derby County","Jacob Laursen","36","35","1","1","7","1","https://statbunker.com/competitions/SeasonAppearances?club_id=9&comp_id=9"
"Derby County","Christian Dailly","36","31","5","5","6","3","https://statbunker.com/competitions/SeasonAppearances?club_id=9&comp_id=9"
"Derby County","Gary Rowett","35","35","0","0","2","2","https://statbunker.com/competitions/SeasonAppearances?club_id=9&comp_id=9"
"Derby County","Chris Powell","35","35","0","0","4","0","https://statbunker.com/competitions/SeasonAppearances?club_id=9&comp_id=9"
"Derby County","Aljosa Asanovic","34","34","0","0","11","6","https://statbunker.com/competitions/SeasonAppearances?club_id=9&comp_id=9"
"Derby County","Darryl Powell","33","27","6","6","5","1","https://statbunker.com/competitions/SeasonAppearances?club_id=9&comp_id=9"
"Derby County","Russell Hoult","32","31","6","1","0","0","https://statbunker.com/competitions/SeasonAppearances?club_id=9&comp_id=9"
"Derby County","Dean Sturridge","30","29","1","1","5","11","https://statbunker.com/competitions/SeasonAppearances?club_id=9&comp_id=9"
"Derby County","Ashley Ward","30","25","6","5","7","8","https://statbunker.com/competitions/SeasonAppearances?club_id=9&comp_id=9"
"Derby County","Paul McGrath","24","23","2","1","4","0","https://statbunker.com/competitions/SeasonAppearances?club_id=9&comp_id=9"
"Derby County","Lee Carsley","24","15","13","9","3","0","https://statbunker.com/competitions/SeasonAppearances?club_id=9&comp_id=9"
"Derby County","Igor Stimac","21","21","0","0","1","1","https://statbunker.com/competitions/SeasonAppearances?club_id=9&comp_id=9"
"Derby County","Paul Simpson","19","0","31","19","0","2","https://statbunker.com/competitions/SeasonAppearances?club_id=9&comp_id=9"
"Derby County","Sean Flynn","17","10","16","7","3","1","https://statbunker.com/competitions/SeasonAppearances?club_id=9&comp_id=9"
"Derby County","Robin Van Der Laan","16","15","8","1","7","2","https://statbunker.com/competitions/SeasonAppearances?club_id=9&comp_id=9"
"Derby County","Ron Willems","16","7","17","9","7","2","https://statbunker.com/competitions/SeasonAppearances?club_id=9&comp_id=9"
"Derby County","Paul Trollope","14","13","3","1","1","1","https://statbunker.com/competitions/SeasonAppearances?club_id=9&comp_id=9"
"Derby County","Marco Gabbiadini","14","5","10","9","4","0","https://statbunker.com/competitions/SeasonAppearances?club_id=9&comp_id=9"
"Derby County","Dean Yates","10","8","5","2","2","0","https://statbunker.com/competitions/SeasonAppearances?club_id=9&comp_id=9"
"Derby County","Matt Carbon","10","6","11","4","4","0","https://statbunker.com/competitions/SeasonAppearances?club_id=9&comp_id=9"
"Derby County","Paulo Wanchope","5","2","3","3","2","1","https://statbunker.com/competitions/SeasonAppearances?club_id=9&comp_id=9"
"Derby County","Paul Parker","4","4","2","0","1","0","https://statbunker.com/competitions/SeasonAppearances?club_id=9&comp_id=9"
"Derby County","Mart Poom","4","4","0","0","1","0","https://statbunker.com/competitions/SeasonAppearances?club_id=9&comp_id=9"
"Derby County","Martin Taylor","3","3","28","0","0","0","https://statbunker.com/competitions/SeasonAppearances?club_id=9&comp_id=9"
"Derby County","Mauricio Solis","2","0","4","2","0","0","https://statbunker.com/competitions/SeasonAppearances?club_id=9&comp_id=9"
"Derby County","Marino Rahmberg","1","0","4","1","0","0","https://statbunker.com/competitions/SeasonAppearances?club_id=9&comp_id=9"
"Derby County","Andrew Quy","0","0","3","0","0","0","https://statbunker.com/competitions/SeasonAppearances?club_id=9&comp_id=9"
"Derby County","Nick Wright","0","0","2","0","0","0","https://statbunker.com/competitions/SeasonAppearances?club_id=9&comp_id=9"
"Derby County","Kevin Cooper","0","0","3","0","0","0","https://statbunker.com/competitions/SeasonAppearances?club_id=9&comp_id=9"
"Liverpool","David James","38","38","0","0","0","0","https://statbunker.com/competitions/SeasonAppearances?club_id=4&comp_id=9"
"Liverpool","Stig Inge Bjornebye","38","38","0","0","3","2","https://statbunker.com/competitions/SeasonAppearances?club_id=4&comp_id=9"
"Liverpool","Steve McManaman","37","37","0","0","1","7","https://statbunker.com/competitions/SeasonAppearances?club_id=4&comp_id=9"
"Liverpool","Jason McAteer","37","36","1","1","2","1","https://statbunker.com/competitions/SeasonAppearances?club_id=4&comp_id=9"
"Liverpool","John Barnes","35","34","3","1","2","4","https://statbunker.com/competitions/SeasonAppearances?club_id=4&comp_id=9"
"Liverpool","Mark Wright","33","33","0","0","3","0","https://statbunker.com/competitions/SeasonAppearances?club_id=4&comp_id=9"
"Liverpool","Robbie Fowler","32","32","0","0","4","18","https://statbunker.com/competitions/SeasonAppearances?club_id=4&comp_id=9"
"Liverpool","Michael Thomas","31","29","5","2","2","3","https://statbunker.com/competitions/SeasonAppearances?club_id=4&comp_id=9"
"Liverpool","Stan Collymore","30","25","10","5","9","12","https://statbunker.com/competitions/SeasonAppearances?club_id=4&comp_id=9"
"Liverpool","Dominic Matteo","26","22","11","4","1","0","https://statbunker.com/competitions/SeasonAppearances?club_id=4&comp_id=9"
"Liverpool","Jamie Redknapp","23","18","11","5","0","2","https://statbunker.com/competitions/SeasonAppearances?club_id=4&comp_id=9"
"Liverpool","Patrik Berger","23","13","19","10","5","6","https://statbunker.com/competitions/SeasonAppearances?club_id=4&comp_id=9"
"Liverpool","Phil Babb","22","21","3","1","4","1","https://statbunker.com/competitions/SeasonAppearances?club_id=4&comp_id=9"
"Liverpool","Neil Ruddock","17","15","19","2","3","1","https://statbunker.com/competitions/SeasonAppearances?club_id=4&comp_id=9"
"Liverpool","Bjorn Tore Kvarme","15","15","0","0","2","0","https://statbunker.com/competitions/SeasonAppearances?club_id=4&comp_id=9"
"Liverpool","Steve Harkness","7","5","7","2","0","0","https://statbunker.com/competitions/SeasonAppearances?club_id=4&comp_id=9"
"Liverpool","Mark Kennedy","5","0","25","5","0","0","https://statbunker.com/competitions/SeasonAppearances?club_id=4&comp_id=9"
"Liverpool","John Scales","3","3","1","0","2","0","https://statbunker.com/competitions/SeasonAppearances?club_id=4&comp_id=9"
"Liverpool","Rob Jones","2","2","2","0","1","0","https://statbunker.com/competitions/SeasonAppearances?club_id=4&comp_id=9"
"Liverpool","Michael Owen","2","1","3","1","0","1","https://statbunker.com/competitions/SeasonAppearances?club_id=4&comp_id=9"
"Liverpool","Jamie Carragher","2","1","8","1","0","1","https://statbunker.com/competitions/SeasonAppearances?club_id=4&comp_id=9"
"Liverpool","David Thompson","2","0","4","2","0","0","https://statbunker.com/competitions/SeasonAppearances?club_id=4&comp_id=9"
"Liverpool","Lee Jones","2","0","19","2","0","0","https://statbunker.com/competitions/SeasonAppearances?club_id=4&comp_id=9"
"Liverpool","Jamie Cassidy","0","0","1","0","0","0","https://statbunker.com/competitions/SeasonAppearances?club_id=4&comp_id=9"
"Liverpool","Tony Warner","0","0","38","0","0","0","https://statbunker.com/competitions/SeasonAppearances?club_id=4&comp_id=9"
"Southampton","Jim Magilton","37","31","7","6","7","4","https://statbunker.com/competitions/SeasonAppearances?club_id=18&comp_id=9"
"Southampton","Matt Le Tissier","31","25","6","6","8","13","https://statbunker.com/competitions/SeasonAppearances?club_id=18&comp_id=9"
"Southampton","Egil Ostenstad","30","29","1","1","5","9","https://statbunker.com/competitions/SeasonAppearances?club_id=18&comp_id=9"
"Southampton","Robbie Slater","30","22","9","8","3","2","https://statbunker.com/competitions/SeasonAppearances?club_id=18&comp_id=9"
"Southampton","Claus Lundekvam","29","28","2","1","3","0","https://statbunker.com/competitions/SeasonAppearances?club_id=18&comp_id=9"
"Southampton","Richard Dryden","29","28","5","1","3","1","https://statbunker.com/competitions/SeasonAppearances?club_id=18&comp_id=9"
"Southampton","Alan Neilson","29","24","8","5","2","0","https://statbunker.com/competitions/SeasonAppearances?club_id=18&comp_id=9"
"Southampton","Eyal Berkovic","28","26","4","2","12","4","https://statbunker.com/competitions/SeasonAppearances?club_id=18&comp_id=9"
"Southampton","Matthew Oakley","28","23","5","5","11","3","https://statbunker.com/competitions/SeasonAppearances?club_id=18&comp_id=9"
"Southampton","Simon Charlton","27","24","3","3","8","0","https://statbunker.com/competitions/SeasonAppearances?club_id=18&comp_id=9"
"Southampton","Ulrich van Gobbel","25","24","2","1","3","1","https://statbunker.com/competitions/SeasonAppearances?club_id=18&comp_id=9"
"Southampton","Jason Dodd","23","23","0","0","3","1","https://statbunker.com/competitions/SeasonAppearances?club_id=18&comp_id=9"
"Southampton","Maik Taylor","18","18","0","0","0","0","https://statbunker.com/competitions/SeasonAppearances?club_id=18&comp_id=9"
"Southampton","Francis Benali","18","14","8","4","2","0","https://statbunker.com/competitions/SeasonAppearances?club_id=18&comp_id=9"
"Southampton","Neil Maddison","18","14","19","4","5","1","https://statbunker.com/competitions/SeasonAppearances?club_id=18&comp_id=9"
"Southampton","Gordon Watson","15","7","11","8","6","2","https://statbunker.com/competitions/SeasonAppearances?club_id=18&comp_id=9"
"Southampton","Dave Beasant","14","13","21","1","0","0","https://statbunker.com/competitions/SeasonAppearances?club_id=18&comp_id=9"
"Southampton","Ken Monkou","13","8","5","5","0","0","https://statbunker.com/competitions/SeasonAppearances?club_id=18&comp_id=9"
"Southampton","Mickey Evans","12","8","4","4","0","4","https://statbunker.com/competitions/SeasonAppearances?club_id=18&comp_id=9"
"Southampton","Neil Shipperley","10","9","1","1","3","1","https://statbunker.com/competitions/SeasonAppearances?club_id=18&comp_id=9"
"Southampton","Neil Heaney","8","4","4","4","5","1","https://statbunker.com/competitions/SeasonAppearances?club_id=18&comp_id=9"
"Southampton","Graham Potter","8","2","12","6","1","0","https://statbunker.com/competitions/SeasonAppearances?club_id=18&comp_id=9"
"Southampton","Matthew Robinson","7","3","5","4","2","0","https://statbunker.com/competitions/SeasonAppearances?club_id=18&comp_id=9"
"Southampton","Steve Basham","6","1","19","5","0","0","https://statbunker.com/competitions/SeasonAppearances?club_id=18&comp_id=9"
"Southampton","David Hughes","6","1","6","5","0","0","https://statbunker.com/competitions/SeasonAppearances?club_id=18&comp_id=9"
"Southampton","Chris Woods","4","4","0","0","1","0","https://statbunker.com/competitions/SeasonAppearances?club_id=18&comp_id=9"
"Southampton","Neil Moss","3","3","15","0","0","0","https://statbunker.com/competitions/SeasonAppearances?club_id=18&comp_id=9"
"Southampton","Barry Venison","2","2","0","0","0","0","https://statbunker.com/competitions/SeasonAppearances?club_id=18&comp_id=9"
"Southampton","Russ Watkinson","2","0","3","2","0","0","https://statbunker.com/competitions/SeasonAppearances?club_id=18&comp_id=9"
"Southampton","Christer Warren","1","0","2","1","0","0","https://statbunker.com/competitions/SeasonAppearances?club_id=18&comp_id=9"
"Southampton","Ali Dia","1","0","1","1","1","0","https://statbunker.com/competitions/SeasonAppearances?club_id=18&comp_id=9"
"Southampton","Darryl Flahavan","0","0","2","0","0","0","https://statbunker.com/competitions/SeasonAppearances?club_id=18&comp_id=9"
"Wimbledon","Chris Perry","37","37","0","0","2","1","https://statbunker.com/competitions/SeasonAppearances?club_id=22&comp_id=9"
"Wimbledon","Neil Sullivan","36","36","1","0","0","0","https://statbunker.com/competitions/SeasonAppearances?club_id=22&comp_id=9"
"Wimbledon","Kenny Cunningham","36","36","0","0","2","0","https://statbunker.com/competitions/SeasonAppearances?club_id=22&comp_id=9"
"Wimbledon","Marcus Gayle","36","34","2","2","13","8","https://statbunker.com/competitions/SeasonAppearances?club_id=22&comp_id=9"
"Wimbledon","Neal Ardley","34","33","2","1","5","2","https://statbunker.com/competitions/SeasonAppearances?club_id=22&comp_id=9"
"Wimbledon","Robbie Earle","32","32","0","0","3","7","https://statbunker.com/competitions/SeasonAppearances?club_id=22&comp_id=9"
"Wimbledon","Alan Kimble","31","28","7","3","0","0","https://statbunker.com/competitions/SeasonAppearances?club_id=22&comp_id=9"
"Wimbledon","Efan Ekoku","30","28","2","2","17","11","https://statbunker.com/competitions/SeasonAppearances?club_id=22&comp_id=9"
"Wimbledon","Vinnie Jones","29","29","0","0","7","3","https://statbunker.com/competitions/SeasonAppearances?club_id=22&comp_id=9"
"Wimbledon","Oyvind Leonhardsen","27","27","1","0","8","5","https://statbunker.com/competitions/SeasonAppearances?club_id=22&comp_id=9"
"Wimbledon","Dean Blackwell","27","22","7","5","0","0","https://statbunker.com/competitions/SeasonAppearances?club_id=22&comp_id=9"
"Wimbledon","Dean Holdsworth","25","10","16","15","3","5","https://statbunker.com/competitions/SeasonAppearances?club_id=22&comp_id=9"
"Wimbledon","Brian McAllister","23","19","12","4","1","0","https://statbunker.com/competitions/SeasonAppearances?club_id=22&comp_id=9"
"Wimbledon","Peter Fear","18","9","19","9","0","0","https://statbunker.com/competitions/SeasonAppearances?club_id=22&comp_id=9"
"Wimbledon","Jon Goodman","13","6","14","7","6","1","https://statbunker.com/competitions/SeasonAppearances?club_id=22&comp_id=9"
"Wimbledon","Mick Harford","13","3","25","10","1","1","https://statbunker.com/competitions/SeasonAppearances?club_id=22&comp_id=9"
"Wimbledon","Andy Clarke","11","4","16","7","2","1","https://statbunker.com/competitions/SeasonAppearances?club_id=22&comp_id=9"
"Wimbledon","Ben Thatcher","9","9","0","0","1","0","https://statbunker.com/competitions/SeasonAppearances?club_id=22&comp_id=9"
"Wimbledon","Jason Euell","7","4","5","3","0","2","https://statbunker.com/competitions/SeasonAppearances?club_id=22&comp_id=9"
"Wimbledon","Duncan Jupp","6","6","9","0","2","0","https://statbunker.com/competitions/SeasonAppearances?club_id=22&comp_id=9"
"Wimbledon","Stewart Castledine","6","4","2","2","0","1","https://statbunker.com/competitions/SeasonAppearances?club_id=22&comp_id=9"
"Wimbledon","Paul Heald","2","2","24","0","0","0","https://statbunker.com/competitions/SeasonAppearances?club_id=22&comp_id=9"
"Wimbledon","Alan Reeves","2","0","12","2","0","0","https://statbunker.com/competitions/SeasonAppearances?club_id=22&comp_id=9"
"Wimbledon","Carl Cort","1","0","1","1","0","0","https://statbunker.com/competitions/SeasonAppearances?club_id=22&comp_id=9"
"Wimbledon","Brendan Murphy","0","0","13","0","0","0","https://statbunker.com/competitions/SeasonAppearances?club_id=22&comp_id=9"
