Player,Club,Price,Mins,Starts,A,CS,GC,Y,R,Saves,Bonus,Pts,Mins/Save,Mins/Pts,Pts/Price,ffs_2008_09_category,source_url,outside_pl_2007_08_flag,carrier_player_name,carrier_status,G
Fabianski,ARS,5.0,248,3.0,0,1.0,2.0,0.0,0,8.0,0,15,31.0,16.53,3.0,GK,https://www.fantasyfootballscout.co.uk/fantasy-premier-league-goalkeepers,False,Fabianski,CLEAN_POSITIVE_MINUTES,
Almunia,ARS,6.0,2610,29.0,1,11.0,24.0,0.0,0,71.0,0,117,36.76,22.31,19.5,GK,https://www.fantasyfootballscout.co.uk/fantasy-premier-league-goalkeepers,False,Almunia,CLEAN_POSITIVE_MINUTES,
Friedel,AVL,5.5,3420,38.0,0,8.0,48.0,0.0,0,124.0,12,149,27.58,22.95,27.09,GK,https://www.fantasyfootballscout.co.uk/fantasy-premier-league-goalkeepers,False,Friedel,CLEAN_POSITIVE_MINUTES,
Taylor,AVL,4.5,294,3.0,0,0.0,6.0,0.0,0,11.0,0,12,26.73,24.5,2.67,GK,https://www.fantasyfootballscout.co.uk/fantasy-premier-league-goalkeepers,False,Taylor,CLEAN_POSITIVE_MINUTES,
Robinson,BLA,5.0,2250,25.0,0,5.0,47.0,0.0,0,64.0,0,63,35.16,35.71,12.6,GK,https://www.fantasyfootballscout.co.uk/fantasy-premier-league-goalkeepers,False,Robinson,CLEAN_POSITIVE_MINUTES,
Brown,BLA,4.5,0,0.0,0,0.0,0.0,0.0,0,0.0,0,0,0.0,90.0,0.0,GK,https://www.fantasyfootballscout.co.uk/fantasy-premier-league-goalkeepers,False,Brown,EXCLUDE_ZERO_OR_OUTSIDE_PL,
Al-Habsi,BOL,4.0,900,10.0,0,4.0,12.0,0.0,0,41.0,3,44,21.95,20.45,11.0,GK,https://www.fantasyfootballscout.co.uk/fantasy-premier-league-goalkeepers,False,Al-Habsi,CLEAN_POSITIVE_MINUTES,
Jaaskelainen,BOL,4.5,2520,28.0,1,8.0,42.0,1.0,0,80.0,0,90,31.5,28.0,20.0,GK,https://www.fantasyfootballscout.co.uk/fantasy-premier-league-goalkeepers,False,Jaaskelainen,CLEAN_POSITIVE_MINUTES,
Cudicini,CHE,5.0,900,10.0,0,6.0,7.0,0.0,0,23.0,0,46,39.13,19.57,9.2,GK,https://www.fantasyfootballscout.co.uk/fantasy-premier-league-goalkeepers,False,Cudicini,CLEAN_POSITIVE_MINUTES,
Cech,CHE,6.0,2313,26.0,0,14.0,17.0,0.0,0,60.0,2,120,38.55,19.28,20.0,GK,https://www.fantasyfootballscout.co.uk/fantasy-premier-league-goalkeepers,False,Cech,CLEAN_POSITIVE_MINUTES,
Hilario,CHE,4.5,207,2.0,0,0.0,2.0,0.0,0,3.0,0,5,69.0,41.4,1.11,GK,https://www.fantasyfootballscout.co.uk/fantasy-premier-league-goalkeepers,False,Hilario,CLEAN_POSITIVE_MINUTES,
Turner,EVE,4.5,0,0.0,0,0.0,0.0,0.0,0,0.0,0,0,90.0,90.0,0.0,GK,https://www.fantasyfootballscout.co.uk/fantasy-premier-league-goalkeepers,False,Turner,EXCLUDE_ZERO_OR_OUTSIDE_PL,
Ruddy,EVE,4.5,0,0.0,0,0.0,0.0,0.0,0,0.0,0,0,90.0,90.0,0.0,GK,https://www.fantasyfootballscout.co.uk/fantasy-premier-league-goalkeepers,False,Ruddy,EXCLUDE_ZERO_OR_OUTSIDE_PL,
Howard,EVE,5.5,3240,36.0,1,14.0,30.0,1.0,0,95.0,0,147,34.11,22.04,26.73,GK,https://www.fantasyfootballscout.co.uk/fantasy-premier-league-goalkeepers,False,Howard,CLEAN_POSITIVE_MINUTES,
Stockdale*,FUL,4.0,0,0.0,0,0.0,0.0,0.0,0,0.0,0,0,0.0,90.0,0.0,GK,https://www.fantasyfootballscout.co.uk/fantasy-premier-league-goalkeepers,True,Stockdale,EXCLUDE_ZERO_OR_OUTSIDE_PL,
Schwarzer,FUL,4.0,3060,34.0,0,8.0,47.0,2.0,0,97.0,3,106,31.55,28.87,26.5,GK,https://www.fantasyfootballscout.co.uk/fantasy-premier-league-goalkeepers,False,Schwarzer,CLEAN_POSITIVE_MINUTES,
Niemi,FUL,4.0,1980,22.0,0,2.0,39.0,0.0,0,89.0,2,64,22.25,30.94,16.0,GK,https://www.fantasyfootballscout.co.uk/fantasy-premier-league-goalkeepers,False,Niemi,CLEAN_POSITIVE_MINUTES,
Warner,HUL,4.0,270,3.0,0,0.0,5.0,0.0,0,15.0,0,7,18.0,38.57,1.75,GK,https://www.fantasyfootballscout.co.uk/fantasy-premier-league-goalkeepers,False,Warner,CLEAN_POSITIVE_MINUTES,
Duke*,HUL,4.0,295,3.0,0,0.0,4.0,0.0,0,0.0,0,0,90.0,90.0,0.0,GK,https://www.fantasyfootballscout.co.uk/fantasy-premier-league-goalkeepers,True,Duke,EXCLUDE_ZERO_OR_OUTSIDE_PL,
Myhill*,HUL,4.0,4117,45.0,0,15.0,43.0,4.0,0,0.0,0,0,90.0,90.0,0.0,GK,https://www.fantasyfootballscout.co.uk/fantasy-premier-league-goalkeepers,True,Myhill,EXCLUDE_ZERO_OR_OUTSIDE_PL,
Itandje,LIV,5.0,0,0.0,0,0.0,0.0,0.0,0,0.0,0,0,90.0,90.0,0.0,GK,https://www.fantasyfootballscout.co.uk/fantasy-premier-league-goalkeepers,False,Itandje,EXCLUDE_ZERO_OR_OUTSIDE_PL,
Cavalieri*,LIV,5.0,0,0.0,0,0.0,0.0,0.0,0,0.0,0,0,90.0,90.0,0.0,GK,https://www.fantasyfootballscout.co.uk/fantasy-premier-league-goalkeepers,True,Cavalieri,EXCLUDE_ZERO_OR_OUTSIDE_PL,
Reina,LIV,6.0,3420,38.0,1,18.0,28.0,2.0,0,66.0,3,159,51.82,21.51,26.5,GK,https://www.fantasyfootballscout.co.uk/fantasy-premier-league-goalkeepers,False,Reina,CLEAN_POSITIVE_MINUTES,
Hart,MCY,5.0,2340,26.0,0,7.0,34.0,0.0,0,104.0,3,103,22.5,22.72,20.6,GK,https://www.fantasyfootballscout.co.uk/fantasy-premier-league-goalkeepers,False,Hart,CLEAN_POSITIVE_MINUTES,
Schmeichel,MCY,4.0,630,7.0,0,4.0,5.0,0.0,0,24.0,2,41,26.25,15.37,10.25,GK,https://www.fantasyfootballscout.co.uk/fantasy-premier-league-goalkeepers,False,Schmeichel,CLEAN_POSITIVE_MINUTES,
Jones,MID,4.0,90,1.0,0,0.0,3.0,0.0,0,1.0,0,1,90.0,90.0,0.25,GK,https://www.fantasyfootballscout.co.uk/fantasy-premier-league-goalkeepers,False,Jones,CLEAN_POSITIVE_MINUTES,
Turnbull,MID,4.0,270,3.0,0,0.0,3.0,0.0,0,11.0,0,9,24.55,30.0,2.25,GK,https://www.fantasyfootballscout.co.uk/fantasy-premier-league-goalkeepers,False,Turnbull,CLEAN_POSITIVE_MINUTES,
Van der Sar,MUN,6.0,2565,29.0,1,14.0,18.0,2.0,0,77.0,0,126,33.31,20.36,21.0,GK,https://www.fantasyfootballscout.co.uk/fantasy-premier-league-goalkeepers,False,Van der Sar,CLEAN_POSITIVE_MINUTES,
Kuszczak,MUN,5.0,765,9.0,0,5.0,4.0,0.0,0,23.0,0,40,33.26,19.13,8.0,GK,https://www.fantasyfootballscout.co.uk/fantasy-premier-league-goalkeepers,False,Kuszczak,CLEAN_POSITIVE_MINUTES,
Foster,MUN,5.0,90,1.0,0,1.0,0.0,0.0,0,5.0,0,7,18.0,12.86,1.4,GK,https://www.fantasyfootballscout.co.uk/fantasy-premier-league-goalkeepers,False,Foster,CLEAN_POSITIVE_MINUTES,
Given,NEW,5.0,1628,19.0,0,2.0,37.0,2.0,0,54.0,0,39,30.15,41.74,7.8,GK,https://www.fantasyfootballscout.co.uk/fantasy-premier-league-goalkeepers,False,Given,CLEAN_POSITIVE_MINUTES,
Harper,NEW,4.5,1792,20.0,0,6.0,28.0,0.0,0,75.0,0,73,23.89,24.55,16.22,GK,https://www.fantasyfootballscout.co.uk/fantasy-premier-league-goalkeepers,False,Harper,CLEAN_POSITIVE_MINUTES,
Ashdown,POR,4.5,270,3.0,0,0.0,4.0,0.0,0,10.0,0,7,27.0,38.57,1.56,GK,https://www.fantasyfootballscout.co.uk/fantasy-premier-league-goalkeepers,False,Ashdown,CLEAN_POSITIVE_MINUTES,
James,POR,6.0,3150,35.0,0,16.0,36.0,2.0,0,124.0,5,167,25.4,18.86,27.83,GK,https://www.fantasyfootballscout.co.uk/fantasy-premier-league-goalkeepers,False,James,CLEAN_POSITIVE_MINUTES,
Sorensen,STK,4.0,0,,0,0.0,0.0,0.0,0,0.0,0,0,90.0,90.0,0.0,GK,https://www.fantasyfootballscout.co.uk/fantasy-premier-league-goalkeepers,False,Sorensen,EXCLUDE_ZERO_OR_OUTSIDE_PL,
Simonsen*,STK,4.0,0,35.0,0,8.0,48.0,0.0,0,0.0,0,0,90.0,90.0,0.0,GK,https://www.fantasyfootballscout.co.uk/fantasy-premier-league-goalkeepers,True,Simonsen,EXCLUDE_ZERO_OR_OUTSIDE_PL,
Ward,SUN,4.0,270,3.0,0,1.0,3.0,0.0,0,8.0,0,10,33.75,27.0,2.5,GK,https://www.fantasyfootballscout.co.uk/fantasy-premier-league-goalkeepers,False,Ward,CLEAN_POSITIVE_MINUTES,
Gordon,SUN,4.5,3060,34.0,0,6.0,55.0,1.0,0,99.0,6,100,30.91,30.6,22.22,GK,https://www.fantasyfootballscout.co.uk/fantasy-premier-league-goalkeepers,False,Gordon,CLEAN_POSITIVE_MINUTES,
Fulop,SUN,4.0,90,1.0,0,0.0,1.0,0.0,0,4.0,0,3,22.5,30.0,0.75,GK,https://www.fantasyfootballscout.co.uk/fantasy-premier-league-goalkeepers,False,Fulop,CLEAN_POSITIVE_MINUTES,
Gomes,TOT,5.5,0,0.0,0,0.0,0.0,0.0,0,0.0,0,0,0.0,0.0,0.0,GK,https://www.fantasyfootballscout.co.uk/fantasy-premier-league-goalkeepers,False,Gomes,EXCLUDE_ZERO_OR_OUTSIDE_PL,
Kiely*,WBA,4.0,0,44.0,1,14.0,52.0,1.0,0,0.0,0,0,90.0,90.0,0.0,GK,https://www.fantasyfootballscout.co.uk/fantasy-premier-league-goalkeepers,True,Kiely,EXCLUDE_ZERO_OR_OUTSIDE_PL,
Danek*,WBA,4.0,0,0.0,0,0.0,0.0,0.0,0,0.0,0,0,90.0,90.0,0.0,GK,https://www.fantasyfootballscout.co.uk/fantasy-premier-league-goalkeepers,True,Danek,EXCLUDE_ZERO_OR_OUTSIDE_PL,
Carson,WBA,5.0,3125,35.0,2,9.0,46.0,1.0,1,82.0,1,113,38.11,27.65,22.6,GK,https://www.fantasyfootballscout.co.uk/fantasy-premier-league-goalkeepers,False,Carson,CLEAN_POSITIVE_MINUTES,
Walker,WHM,4.0,0,0.0,0,0.0,0.0,0.0,0,0.0,0,0,90.0,90.0,0.0,GK,https://www.fantasyfootballscout.co.uk/fantasy-premier-league-goalkeepers,False,Walker,EXCLUDE_ZERO_OR_OUTSIDE_PL,
Lastuvka,WHM,4.5,0,0.0,0,0.0,0.0,0.0,0,0.0,0,0,90.0,90.0,0.0,GK,https://www.fantasyfootballscout.co.uk/fantasy-premier-league-goalkeepers,False,Lastuvka,EXCLUDE_ZERO_OR_OUTSIDE_PL,
Green,WHM,5.0,3420,38.0,0,8.0,50.0,2.0,0,111.0,12,144,30.81,23.75,28.8,GK,https://www.fantasyfootballscout.co.uk/fantasy-premier-league-goalkeepers,False,Green,CLEAN_POSITIVE_MINUTES,
Pollitt,WIG,4.0,90,1.0,0,0.0,2.0,0.0,0,1.0,0,1,90.0,90.0,0.25,GK,https://www.fantasyfootballscout.co.uk/fantasy-premier-league-goalkeepers,False,Pollitt,CLEAN_POSITIVE_MINUTES,
Kirkland,WIG,4.5,3330,37.0,0,12.0,49.0,0.0,0,96.0,4,132,34.69,25.23,29.33,GK,https://www.fantasyfootballscout.co.uk/fantasy-premier-league-goalkeepers,False,Kirkland,CLEAN_POSITIVE_MINUTES,
Sagna,ARS,6.5,2458,28.0,4,10.0,21.0,3.0,0,,3,115,,21.37,17.69,DEF,https://www.fantasyfootballscout.co.uk/fantasy-premier-league-defenders,False,Sagna,CLEAN_POSITIVE_MINUTES,1.0
Senderos,ARS,5.0,1246,15.0,0,7.0,11.0,0.0,1,,1,65,,19.17,13.0,DEF,https://www.fantasyfootballscout.co.uk/fantasy-premier-league-defenders,False,Senderos,CLEAN_POSITIVE_MINUTES,2.0
Clichy,ARS,6.5,3330,37.0,5,15.0,30.0,5.0,0,,9,146,,22.81,22.46,DEF,https://www.fantasyfootballscout.co.uk/fantasy-premier-league-defenders,False,Clichy,CLEAN_POSITIVE_MINUTES,0.0
Toure,ARS,6.5,2565,29.0,3,8.0,26.0,3.0,0,,10,115,,22.3,17.69,DEF,https://www.fantasyfootballscout.co.uk/fantasy-premier-league-defenders,False,Toure,CLEAN_POSITIVE_MINUTES,2.0
Gallas,ARS,6.5,2723,30.0,0,11.0,26.0,6.0,0,,4,120,,22.69,18.46,DEF,https://www.fantasyfootballscout.co.uk/fantasy-premier-league-defenders,False,Gallas,CLEAN_POSITIVE_MINUTES,4.0
Djourou,ARS,5.0,1258,14.0,0,3.0,23.0,0.0,0,,1,33,,38.12,6.6,DEF,https://www.fantasyfootballscout.co.uk/fantasy-premier-league-defenders,False,Djourou,CLEAN_POSITIVE_MINUTES,0.0
Traore,ARS,4.5,102,1.0,1,0.0,1.0,0.0,0,,0,7,,14.57,1.56,DEF,https://www.fantasyfootballscout.co.uk/fantasy-premier-league-defenders,False,Traore,CLEAN_POSITIVE_MINUTES,0.0
Hoyte,ARS,4.5,155,2.0,0,1.0,1.0,1.0,0,,0,9,,17.22,2.0,DEF,https://www.fantasyfootballscout.co.uk/fantasy-premier-league-defenders,False,Hoyte,CLEAN_POSITIVE_MINUTES,0.0
Bouma,AVL,5.0,3261,38.0,1,9.0,48.0,5.0,0,,3,103,,31.66,20.6,DEF,https://www.fantasyfootballscout.co.uk/fantasy-premier-league-defenders,False,Bouma,CLEAN_POSITIVE_MINUTES,1.0
Knight,AVL,5.0,2519,29.0,1,8.0,37.0,1.0,1,,1,84,,29.99,16.8,DEF,https://www.fantasyfootballscout.co.uk/fantasy-premier-league-defenders,False,Knight,CLEAN_POSITIVE_MINUTES,1.0
Laursen,AVL,6.0,3368,38.0,2,9.0,50.0,1.0,0,,27,163,,20.66,27.17,DEF,https://www.fantasyfootballscout.co.uk/fantasy-premier-league-defenders,False,Laursen,CLEAN_POSITIVE_MINUTES,6.0
Davies,AVL,5.0,814,9.0,0,0.0,13.0,1.0,0,,3,25,,32.56,5.0,DEF,https://www.fantasyfootballscout.co.uk/fantasy-premier-league-defenders,False,Davies,CLEAN_POSITIVE_MINUTES,1.0
Khizanishvili,BLA,4.5,955,11.0,0,3.0,12.0,2.0,0,,1,30,,31.83,6.67,DEF,https://www.fantasyfootballscout.co.uk/fantasy-premier-league-defenders,False,Khizanishvili,CLEAN_POSITIVE_MINUTES,0.0
Emerton,BLA,5.5,2752,32.0,1,6.0,41.0,2.0,1,,0,82,,33.56,14.91,DEF,https://www.fantasyfootballscout.co.uk/fantasy-premier-league-defenders,False,Emerton,CLEAN_POSITIVE_MINUTES,1.0
Simpson,BLA,4.5,0,0.0,0,0.0,0.0,0.0,0,,0,0,,0.0,0.0,DEF,https://www.fantasyfootballscout.co.uk/fantasy-premier-league-defenders,False,Simpson,EXCLUDE_ZERO_OR_OUTSIDE_PL,0.0
Warnock,BLA,5.5,3283,37.0,3,8.0,42.0,8.0,0,,1,103,,31.87,18.73,DEF,https://www.fantasyfootballscout.co.uk/fantasy-premier-league-defenders,False,Warnock,CLEAN_POSITIVE_MINUTES,1.0
Samba,BLA,5.5,2891,32.0,1,6.0,44.0,10.0,1,,11,90,,32.12,16.36,DEF,https://www.fantasyfootballscout.co.uk/fantasy-premier-league-defenders,False,Samba,CLEAN_POSITIVE_MINUTES,2.0
Ooijer,BLA,5.0,2026,23.0,0,4.0,25.0,2.0,0,,1,59,,34.34,11.8,DEF,https://www.fantasyfootballscout.co.uk/fantasy-premier-league-defenders,False,Ooijer,CLEAN_POSITIVE_MINUTES,0.0
Nelsen,BLA,5.0,1934,22.0,0,6.0,31.0,3.0,2,,4,52,,37.19,10.4,DEF,https://www.fantasyfootballscout.co.uk/fantasy-premier-league-defenders,False,Nelsen,CLEAN_POSITIVE_MINUTES,0.0
Samuel,BOL,4.5,1312,14.0,0,4.0,23.0,1.0,0,,0,40,,32.8,8.89,DEF,https://www.fantasyfootballscout.co.uk/fantasy-premier-league-defenders,False,Samuel,CLEAN_POSITIVE_MINUTES,0.0
Gardner,BOL,4.5,2223,25.0,0,7.0,34.0,2.0,0,,2,66,,33.68,14.67,DEF,https://www.fantasyfootballscout.co.uk/fantasy-premier-league-defenders,False,Gardner,CLEAN_POSITIVE_MINUTES,0.0
Hunt,BOL,4.0,1096,13.0,0,3.0,16.0,6.0,0,,0,27,,40.59,6.75,DEF,https://www.fantasyfootballscout.co.uk/fantasy-premier-league-defenders,False,Hunt,CLEAN_POSITIVE_MINUTES,0.0
O’Brien A,BOL,4.5,2821,32.0,0,11.0,37.0,5.0,0,,8,99,,28.49,22.0,DEF,https://www.fantasyfootballscout.co.uk/fantasy-premier-league-defenders,False,O’Brien A,CLEAN_POSITIVE_MINUTES,0.0
Meite,BOL,4.0,1800,21.0,0,5.0,31.0,1.0,0,,2,50,,36.0,12.5,DEF,https://www.fantasyfootballscout.co.uk/fantasy-premier-league-defenders,False,Meite,CLEAN_POSITIVE_MINUTES,0.0
Steinsson,BOL,4.5,1391,15.0,2,7.0,18.0,2.0,0,,1,58,,23.98,12.89,DEF,https://www.fantasyfootballscout.co.uk/fantasy-premier-league-defenders,False,Steinsson,CLEAN_POSITIVE_MINUTES,0.0
Shittu,BOL,4.5,0,0.0,0,0.0,0.0,0.0,0,,0,0,,90.0,0.0,DEF,https://www.fantasyfootballscout.co.uk/fantasy-premier-league-defenders,False,Shittu,EXCLUDE_ZERO_OR_OUTSIDE_PL,0.0
Cahill,BOL,4.5,1193,14.0,1,5.0,19.0,0.0,0,,6,50,,23.86,11.11,DEF,https://www.fantasyfootballscout.co.uk/fantasy-premier-league-defenders,False,Cahill,CLEAN_POSITIVE_MINUTES,0.0
Bridge,CHE,5.5,818,9.0,1,5.0,4.0,0.0,0,,0,43,,19.02,7.82,DEF,https://www.fantasyfootballscout.co.uk/fantasy-premier-league-defenders,False,Bridge,CLEAN_POSITIVE_MINUTES,0.0
Ivanovic,CHE,5.5,0,0.0,0,0.0,0.0,0.0,0,,0,0,,90.0,0.0,DEF,https://www.fantasyfootballscout.co.uk/fantasy-premier-league-defenders,False,Ivanovic,EXCLUDE_ZERO_OR_OUTSIDE_PL,0.0
Carvalho,CHE,6.5,1745,19.0,0,13.0,14.0,6.0,1,,17,101,,17.28,15.54,DEF,https://www.fantasyfootballscout.co.uk/fantasy-premier-league-defenders,False,Carvalho,CLEAN_POSITIVE_MINUTES,1.0
Terry,CHE,7.5,1895,21.0,1,12.0,13.0,6.0,0,,7,97,,19.54,12.93,DEF,https://www.fantasyfootballscout.co.uk/fantasy-premier-league-defenders,False,Terry,CLEAN_POSITIVE_MINUTES,1.0
Ferreira,CHE,6.0,1292,15.0,1,8.0,14.0,1.0,0,,0,61,,21.18,10.17,DEF,https://www.fantasyfootballscout.co.uk/fantasy-premier-league-defenders,False,Ferreira,CLEAN_POSITIVE_MINUTES,0.0
Alex,CHE,6.0,2071,23.0,2,13.0,15.0,4.0,0,,4,116,,17.85,19.33,DEF,https://www.fantasyfootballscout.co.uk/fantasy-premier-league-defenders,False,Alex,CLEAN_POSITIVE_MINUTES,2.0
Belletti,CHE,6.0,1919,21.0,1,14.0,8.0,5.0,0,,3,112,,17.13,18.67,DEF,https://www.fantasyfootballscout.co.uk/fantasy-premier-league-defenders,False,Belletti,CLEAN_POSITIVE_MINUTES,2.0
Cole A,CHE,6.5,2413,27.0,1,14.0,22.0,4.0,1,,4,109,,22.14,16.77,DEF,https://www.fantasyfootballscout.co.uk/fantasy-premier-league-defenders,False,Cole A,CLEAN_POSITIVE_MINUTES,1.0
Hibbert,EVE,5.0,1926,23.0,1,5.0,24.0,3.0,1,,3,61,,31.57,12.2,DEF,https://www.fantasyfootballscout.co.uk/fantasy-premier-league-defenders,False,Hibbert,CLEAN_POSITIVE_MINUTES,0.0
Neville,EVE,6.0,3238,37.0,2,13.0,32.0,4.0,1,,6,135,,23.99,22.5,DEF,https://www.fantasyfootballscout.co.uk/fantasy-premier-league-defenders,False,Neville,CLEAN_POSITIVE_MINUTES,2.0
Yobo,EVE,6.0,2609,29.0,2,9.0,29.0,0.0,0,,13,113,,23.09,18.83,DEF,https://www.fantasyfootballscout.co.uk/fantasy-premier-league-defenders,False,Yobo,CLEAN_POSITIVE_MINUTES,1.0
Jagielka,EVE,6.0,2654,30.0,4,11.0,24.0,2.0,0,,7,128,,20.73,21.33,DEF,https://www.fantasyfootballscout.co.uk/fantasy-premier-league-defenders,False,Jagielka,CLEAN_POSITIVE_MINUTES,1.0
Baines,EVE,5.0,1140,12.0,1,4.0,12.0,1.0,0,,7,56,,20.36,11.2,DEF,https://www.fantasyfootballscout.co.uk/fantasy-premier-league-defenders,False,Baines,CLEAN_POSITIVE_MINUTES,0.0
Valente,EVE,4.5,721,8.0,1,4.0,4.0,1.0,0,,0,35,,20.6,7.78,DEF,https://www.fantasyfootballscout.co.uk/fantasy-premier-league-defenders,False,Valente,CLEAN_POSITIVE_MINUTES,0.0
Lescott,EVE,7.0,3375,38.0,2,14.0,32.0,3.0,0,,21,196,,17.22,28.0,DEF,https://www.fantasyfootballscout.co.uk/fantasy-premier-league-defenders,False,Lescott,CLEAN_POSITIVE_MINUTES,8.0
Hangeland,FUL,4.5,1350,15.0,0,5.0,18.0,1.0,0,,5,48,,28.13,10.67,DEF,https://www.fantasyfootballscout.co.uk/fantasy-premier-league-defenders,False,Hangeland,CLEAN_POSITIVE_MINUTES,0.0
Stefanovic,FUL,4.0,1170,13.0,0,1.0,23.0,4.0,0,,5,23,,50.87,5.75,DEF,https://www.fantasyfootballscout.co.uk/fantasy-premier-league-defenders,False,Stefanovic,CLEAN_POSITIVE_MINUTES,0.0
Hughes,FUL,4.5,2660,30.0,0,7.0,44.0,0.0,0,,2,75,,35.47,16.67,DEF,https://www.fantasyfootballscout.co.uk/fantasy-premier-league-defenders,False,Hughes,CLEAN_POSITIVE_MINUTES,0.0
Baird,FUL,4.0,1463,17.0,0,3.0,27.0,1.0,1,,1,33,,44.33,8.25,DEF,https://www.fantasyfootballscout.co.uk/fantasy-premier-league-defenders,False,Baird,CLEAN_POSITIVE_MINUTES,0.0
Stoor,FUL,4.5,0,0.0,0,0.0,0.0,0.0,0,,0,0,,90.0,0.0,DEF,https://www.fantasyfootballscout.co.uk/fantasy-premier-league-defenders,False,Stoor,EXCLUDE_ZERO_OR_OUTSIDE_PL,0.0
Konchesky,FUL,4.5,2925,32.0,2,6.0,52.0,5.0,1,,4,72,,40.63,16.0,DEF,https://www.fantasyfootballscout.co.uk/fantasy-premier-league-defenders,False,Konchesky,CLEAN_POSITIVE_MINUTES,0.0
Kallio,FUL,4.0,0,0.0,0,0.0,0.0,0.0,0,,0,0,,90.0,0.0,DEF,https://www.fantasyfootballscout.co.uk/fantasy-premier-league-defenders,False,Kallio,EXCLUDE_ZERO_OR_OUTSIDE_PL,0.0
Omozusi,FUL,4.0,689,8.0,0,0.0,11.0,1.0,1,,0,8,,86.13,2.0,DEF,https://www.fantasyfootballscout.co.uk/fantasy-premier-league-defenders,False,Omozusi,CLEAN_POSITIVE_MINUTES,0.0
Paintsil,FUL,4.0,683,7.0,0,1.0,14.0,5.0,0,,0,14,,48.79,3.5,DEF,https://www.fantasyfootballscout.co.uk/fantasy-premier-league-defenders,False,Paintsil,CLEAN_POSITIVE_MINUTES,0.0
Volz,FUL,4.5,485,5.0,1,0.0,15.0,1.0,1,,0,12,,40.42,2.67,DEF,https://www.fantasyfootballscout.co.uk/fantasy-premier-league-defenders,False,Volz,CLEAN_POSITIVE_MINUTES,0.0
Ricketts*,HUL,4.0,0,46.0,0,0.0,0.0,0.0,0,,0,0,,90.0,0.0,DEF,https://www.fantasyfootballscout.co.uk/fantasy-premier-league-defenders,True,Ricketts,EXCLUDE_ZERO_OR_OUTSIDE_PL,0.0
Dawson*,HUL,4.0,2195,26.0,2,0.0,0.0,0.0,0,,0,0,,90.0,0.0,DEF,https://www.fantasyfootballscout.co.uk/fantasy-premier-league-defenders,True,Dawson,EXCLUDE_ZERO_OR_OUTSIDE_PL,1.0
Mendy*,HUL,4.0,0,0.0,0,0.0,0.0,0.0,0,,0,0,,90.0,0.0,DEF,https://www.fantasyfootballscout.co.uk/fantasy-premier-league-defenders,True,Mendy,EXCLUDE_ZERO_OR_OUTSIDE_PL,0.0
Gardner,HUL,4.5,360,6.0,0,0.0,5.0,1.0,0,,0,16,,22.5,3.56,DEF,https://www.fantasyfootballscout.co.uk/fantasy-premier-league-defenders,False,Gardner,CLEAN_POSITIVE_MINUTES,1.0
Turner*,HUL,4.5,0,46.0,2,0.0,0.0,0.0,0,,0,0,,90.0,0.0,DEF,https://www.fantasyfootballscout.co.uk/fantasy-premier-league-defenders,True,Turner,EXCLUDE_ZERO_OR_OUTSIDE_PL,5.0
Brown*,HUL,4.0,3028,43.0,1,0.0,0.0,0.0,0,,0,0,,90.0,0.0,DEF,https://www.fantasyfootballscout.co.uk/fantasy-premier-league-defenders,True,Brown,EXCLUDE_ZERO_OR_OUTSIDE_PL,1.0
Carragher,LIV,6.5,3040,35.0,2,0.0,24.0,4.0,0,,10,136,,22.35,20.92,DEF,https://www.fantasyfootballscout.co.uk/fantasy-premier-league-defenders,False,Carragher,CLEAN_POSITIVE_MINUTES,0.0
Agger,LIV,6.5,436,5.0,0,3.0,2.0,0.0,0,,1,23,,18.96,3.54,DEF,https://www.fantasyfootballscout.co.uk/fantasy-premier-league-defenders,False,Agger,CLEAN_POSITIVE_MINUTES,0.0
Insua,LIV,5.0,207,2.0,0,2.0,0.0,1.0,0,,0,12,,17.25,2.4,DEF,https://www.fantasyfootballscout.co.uk/fantasy-premier-league-defenders,False,Insua,CLEAN_POSITIVE_MINUTES,0.0
Skrtel,LIV,6.0,1191,13.0,0,7.0,10.0,1.0,0,,3,55,,21.65,9.17,DEF,https://www.fantasyfootballscout.co.uk/fantasy-premier-league-defenders,False,Skrtel,CLEAN_POSITIVE_MINUTES,0.0
Finnan,LIV,6.0,1959,22.0,2,9.0,15.0,2.0,0,,3,85,,23.05,14.17,DEF,https://www.fantasyfootballscout.co.uk/fantasy-premier-league-defenders,False,Finnan,CLEAN_POSITIVE_MINUTES,0.0
Hyypia,LIV,5.5,2025,23.0,1,0.0,15.0,1.0,0,,11,103,,19.66,18.73,DEF,https://www.fantasyfootballscout.co.uk/fantasy-premier-league-defenders,False,Hyypia,CLEAN_POSITIVE_MINUTES,1.0
Dossena,LIV,0.0,0,0.0,0,0.0,0.0,,0,,0,0,,90.0,0.0,DEF,https://www.fantasyfootballscout.co.uk/fantasy-premier-league-defenders,False,Dossena,EXCLUDE_ZERO_OR_OUTSIDE_PL,0.0
Aurelio,LIV,6.5,1125,13.0,1,2.0,13.0,1.0,0,,1,41,,27.44,6.31,DEF,https://www.fantasyfootballscout.co.uk/fantasy-premier-league-defenders,False,Aurelio,CLEAN_POSITIVE_MINUTES,1.0
Arbeloa,LIV,6.0,2274,26.0,1,12.0,21.0,4.0,0,,0,96,,23.69,16.0,DEF,https://www.fantasyfootballscout.co.uk/fantasy-premier-league-defenders,False,Arbeloa,CLEAN_POSITIVE_MINUTES,0.0
Degan,LIV,6.0,0,0.0,0,0.0,0.0,0.0,0,,0,0,,90.0,0.0,DEF,https://www.fantasyfootballscout.co.uk/fantasy-premier-league-defenders,False,Degan,EXCLUDE_ZERO_OR_OUTSIDE_PL,0.0
Dunne,MCY,5.5,3039,34.0,0,10.0,48.0,2.0,2,,33,119,,25.54,21.64,DEF,https://www.fantasyfootballscout.co.uk/fantasy-premier-league-defenders,False,Dunne,CLEAN_POSITIVE_MINUTES,0.0
Ben Haim,MCY,5.0,1018,12.0,0,3.0,11.0,2.0,0,,3,35,,29.09,7.0,DEF,https://www.fantasyfootballscout.co.uk/fantasy-premier-league-defenders,False,Ben Haim,CLEAN_POSITIVE_MINUTES,0.0
Onuoha,MCY,5.0,1222,13.0,1,5.0,13.0,0.0,0,,0,53,,23.06,10.6,DEF,https://www.fantasyfootballscout.co.uk/fantasy-premier-league-defenders,False,Onuoha,CLEAN_POSITIVE_MINUTES,1.0
Corluka,MCY,5.5,2970,33.0,2,10.0,46.0,4.0,0,,3,101,,29.41,18.36,DEF,https://www.fantasyfootballscout.co.uk/fantasy-premier-league-defenders,False,Corluka,CLEAN_POSITIVE_MINUTES,0.0
Garrido,MCY,4.5,1898,20.0,1,8.0,33.0,4.0,0,,0,67,,28.33,14.89,DEF,https://www.fantasyfootballscout.co.uk/fantasy-premier-league-defenders,False,Garrido,CLEAN_POSITIVE_MINUTES,0.0
Ball,MCY,5.0,1875,20.0,0,3.0,35.0,2.0,0,,0,45,,41.67,9.0,DEF,https://www.fantasyfootballscout.co.uk/fantasy-premier-league-defenders,False,Ball,CLEAN_POSITIVE_MINUTES,0.0
Richards,MCY,5.5,2250,25.0,0,8.0,30.0,4.0,0,,5,74,,30.41,13.45,DEF,https://www.fantasyfootballscout.co.uk/fantasy-premier-league-defenders,False,Richards,CLEAN_POSITIVE_MINUTES,0.0
Wheater,MID,5.0,3015,34.0,0,7.0,45.0,8.0,0,,18,110,,27.41,22.0,DEF,https://www.fantasyfootballscout.co.uk/fantasy-premier-league-defenders,False,Wheater,CLEAN_POSITIVE_MINUTES,3.0
Grounds,MID,4.0,423,5.0,0,1.0,6.0,1.0,0,,0,12,,35.25,3.0,DEF,https://www.fantasyfootballscout.co.uk/fantasy-premier-league-defenders,False,Grounds,CLEAN_POSITIVE_MINUTES,0.0
Huth,MID,4.5,923,10.0,0,3.0,10.0,3.0,0,,9,45,,20.51,10.0,DEF,https://www.fantasyfootballscout.co.uk/fantasy-premier-league-defenders,False,Huth,CLEAN_POSITIVE_MINUTES,1.0
Pogatetz,MID,4.5,2131,24.0,0,5.0,29.0,3.0,0,,0,62,,34.37,13.78,DEF,https://www.fantasyfootballscout.co.uk/fantasy-premier-league-defenders,False,Pogatetz,CLEAN_POSITIVE_MINUTES,0.0
Taylor,MID,4.5,1557,17.0,1,2.0,31.0,1.0,0,,0,35,,44.49,7.78,DEF,https://www.fantasyfootballscout.co.uk/fantasy-premier-league-defenders,False,Taylor,CLEAN_POSITIVE_MINUTES,0.0
Riggott,MID,4.5,829,9.0,0,2.0,11.0,0.0,0,,1,31,,26.74,6.89,DEF,https://www.fantasyfootballscout.co.uk/fantasy-premier-league-defenders,False,Riggott,CLEAN_POSITIVE_MINUTES,1.0
Young,MID,4.5,3108,35.0,1,7.0,48.0,8.0,0,,2,94,,33.06,20.89,DEF,https://www.fantasyfootballscout.co.uk/fantasy-premier-league-defenders,False,Young,CLEAN_POSITIVE_MINUTES,1.0
Silvestre,MUN,5.5,186,2.0,0,0.0,2.0,0.0,0,,0,3,,62.0,0.55,DEF,https://www.fantasyfootballscout.co.uk/fantasy-premier-league-defenders,False,Silvestre,CLEAN_POSITIVE_MINUTES,0.0
Vidic,MUN,7.0,2667,30.0,1,17.0,13.0,5.0,0,,7,145,,18.39,20.71,DEF,https://www.fantasyfootballscout.co.uk/fantasy-premier-league-defenders,False,Vidic,CLEAN_POSITIVE_MINUTES,1.0
Evra,MUN,6.5,2820,33.0,1,16.0,16.0,4.0,0,,1,133,,21.2,20.46,DEF,https://www.fantasyfootballscout.co.uk/fantasy-premier-league-defenders,False,Evra,CLEAN_POSITIVE_MINUTES,0.0
Evans,MUN,4.5,1336,15.0,0,5.0,15.0,0.0,0,,4,50,,26.72,11.11,DEF,https://www.fantasyfootballscout.co.uk/fantasy-premier-league-defenders,False,Evans,CLEAN_POSITIVE_MINUTES,0.0
Ferdinand,MUN,7.0,3045,35.0,1,17.0,20.0,4.0,0,,15,171,,17.81,24.43,DEF,https://www.fantasyfootballscout.co.uk/fantasy-premier-league-defenders,False,Ferdinand,CLEAN_POSITIVE_MINUTES,2.0
Brown,MUN,6.0,3028,34.0,2,17.0,21.0,8.0,0,,4,142,,21.32,23.67,DEF,https://www.fantasyfootballscout.co.uk/fantasy-premier-league-defenders,False,Brown,CLEAN_POSITIVE_MINUTES,1.0
Neville,MUN,6.0,3238,0.0,0,0.0,0.0,0.0,0,,0,0,,90.0,0.0,DEF,https://www.fantasyfootballscout.co.uk/fantasy-premier-league-defenders,False,Neville,QUARANTINE_GARY_NEVILLE_CORRUPT_ROW,0.0
O’Shea,MUN,5.5,1147,12.0,2,0.0,9.0,1.0,0,,0,48,,23.9,8.73,DEF,https://www.fantasyfootballscout.co.uk/fantasy-premier-league-defenders,False,O’Shea,CLEAN_POSITIVE_MINUTES,0.0
Faye,NEW,4.5,1741,20.0,0,4.0,31.0,5.0,0,,4,54,,32.24,12.0,DEF,https://www.fantasyfootballscout.co.uk/fantasy-premier-league-defenders,False,Faye,CLEAN_POSITIVE_MINUTES,1.0
Taylor,NEW,5.0,2633,29.0,1,6.0,50.0,3.0,0,,3,75,,35.11,15.0,DEF,https://www.fantasyfootballscout.co.uk/fantasy-premier-league-defenders,False,Taylor,CLEAN_POSITIVE_MINUTES,1.0
Edgar,NEW,4.0,189,2.0,0,1.0,2.0,0.0,0,,1,11,,17.18,2.75,DEF,https://www.fantasyfootballscout.co.uk/fantasy-premier-league-defenders,False,Edgar,CLEAN_POSITIVE_MINUTES,0.0
Beye,NEW,5.0,2472,27.0,2,5.0,46.0,5.0,0,,2,69,,35.83,13.8,DEF,https://www.fantasyfootballscout.co.uk/fantasy-premier-league-defenders,False,Beye,CLEAN_POSITIVE_MINUTES,1.0
NZogbia,NEW,5.5,2441,27.0,3,0.0,53.0,5.0,0,,6,86,,28.38,15.64,DEF,https://www.fantasyfootballscout.co.uk/fantasy-premier-league-defenders,False,NZogbia,CLEAN_POSITIVE_MINUTES,3.0
Jose Enrique,NEW,5.0,1617,18.0,1,5.0,30.0,1.0,0,,2,54,,29.94,10.8,DEF,https://www.fantasyfootballscout.co.uk/fantasy-premier-league-defenders,False,Jose Enrique,CLEAN_POSITIVE_MINUTES,0.0
Cacapa,NEW,5.0,1433,16.0,0,3.0,33.0,1.0,0,,3,41,,34.95,8.2,DEF,https://www.fantasyfootballscout.co.uk/fantasy-premier-league-defenders,False,Cacapa,CLEAN_POSITIVE_MINUTES,1.0
Johnson,POR,5.5,2715,31.0,4,14.0,29.0,3.0,0,,10,136,,19.96,24.73,DEF,https://www.fantasyfootballscout.co.uk/fantasy-premier-league-defenders,False,Johnson,CLEAN_POSITIVE_MINUTES,1.0
Wilson,POR,4.0,0,0.0,0,0.0,0.0,0.0,0,,0,0,,90.0,0.0,DEF,https://www.fantasyfootballscout.co.uk/fantasy-premier-league-defenders,False,Wilson,EXCLUDE_ZERO_OR_OUTSIDE_PL,0.0
Pamarot,POR,4.5,1167,13.0,0,3.0,13.0,3.0,0,,3,50,,23.34,11.11,DEF,https://www.fantasyfootballscout.co.uk/fantasy-premier-league-defenders,False,Pamarot,CLEAN_POSITIVE_MINUTES,1.0
Aubey,POR,4.5,170,2.0,0,0.0,2.0,0.0,0,,0,8,,21.25,1.78,DEF,https://www.fantasyfootballscout.co.uk/fantasy-premier-league-defenders,False,Aubey,CLEAN_POSITIVE_MINUTES,0.0
Hreidarsson,POR,5.5,2590,30.0,2,12.0,34.0,3.0,1,,4,121,,21.4,22.0,DEF,https://www.fantasyfootballscout.co.uk/fantasy-premier-league-defenders,False,Hreidarsson,CLEAN_POSITIVE_MINUTES,3.0
Primus,POR,4.5,0,0.0,0,0.0,0.0,0.0,0,,0,0,,90.0,0.0,DEF,https://www.fantasyfootballscout.co.uk/fantasy-premier-league-defenders,False,Primus,EXCLUDE_ZERO_OR_OUTSIDE_PL,0.0
Distin,POR,5.5,3195,36.0,1,15.0,39.0,4.0,0,,16,133,,24.02,24.18,DEF,https://www.fantasyfootballscout.co.uk/fantasy-premier-league-defenders,False,Distin,CLEAN_POSITIVE_MINUTES,0.0
Campbell,POR,5.5,2790,31.0,0,15.0,31.0,2.0,0,,14,129,,21.63,23.45,DEF,https://www.fantasyfootballscout.co.uk/fantasy-premier-league-defenders,False,Campbell,CLEAN_POSITIVE_MINUTES,1.0
Lauren,POR,4.5,978,12.0,0,3.0,15.0,4.0,0,,3,30,,32.6,6.67,DEF,https://www.fantasyfootballscout.co.uk/fantasy-premier-league-defenders,False,Lauren,CLEAN_POSITIVE_MINUTES,0.0
Wilikinson*,STK,4.0,0,16.0,1,0.0,0.0,0.0,0,,0,0,,90.0,0.0,DEF,https://www.fantasyfootballscout.co.uk/fantasy-premier-league-defenders,True,Wilikinson,EXCLUDE_ZERO_OR_OUTSIDE_PL,0.0
Dickinson*,STK,4.0,0,19.0,0,0.0,0.0,0.0,0,,0,0,,90.0,0.0,DEF,https://www.fantasyfootballscout.co.uk/fantasy-premier-league-defenders,True,Dickinson,EXCLUDE_ZERO_OR_OUTSIDE_PL,0.0
Cort*,STK,4.5,0,33.0,2,0.0,0.0,0.0,0,,0,0,,90.0,0.0,DEF,https://www.fantasyfootballscout.co.uk/fantasy-premier-league-defenders,True,Cort,EXCLUDE_ZERO_OR_OUTSIDE_PL,8.0
Shawcross*,STK,4.5,0,39.0,0,0.0,0.0,0.0,0,,0,0,,90.0,0.0,DEF,https://www.fantasyfootballscout.co.uk/fantasy-premier-league-defenders,True,Shawcross,EXCLUDE_ZERO_OR_OUTSIDE_PL,7.0
Griffin*,STK,4.0,0,15.0,0,0.0,0.0,0.0,0,,0,0,,90.0,0.0,DEF,https://www.fantasyfootballscout.co.uk/fantasy-premier-league-defenders,True,Griffin,EXCLUDE_ZERO_OR_OUTSIDE_PL,0.0
Nosworthy,SUN,4.5,2514,28.0,1,6.0,37.0,3.0,0,,3,73,,34.44,16.22,DEF,https://www.fantasyfootballscout.co.uk/fantasy-premier-league-defenders,False,Nosworthy,CLEAN_POSITIVE_MINUTES,0.0
Collins,SUN,4.5,3044,35.0,1,5.0,52.0,6.0,0,,3,77,,39.53,17.11,DEF,https://www.fantasyfootballscout.co.uk/fantasy-premier-league-defenders,False,Collins,CLEAN_POSITIVE_MINUTES,1.0
Higginbotham,SUN,4.5,1890,21.0,0,2.0,39.0,1.0,0,,6,59,,32.03,13.11,DEF,https://www.fantasyfootballscout.co.uk/fantasy-premier-league-defenders,False,Higginbotham,CLEAN_POSITIVE_MINUTES,3.0
Anderson,SUN,4.0,29,0.0,0,0.0,1.0,0.0,0,,0,1,,29.0,0.25,DEF,https://www.fantasyfootballscout.co.uk/fantasy-premier-league-defenders,False,Anderson,CLEAN_POSITIVE_MINUTES,0.0
Bardsley,SUN,4.5,990,11.0,0,4.0,10.0,3.0,0,,1,34,,29.12,7.56,DEF,https://www.fantasyfootballscout.co.uk/fantasy-premier-league-defenders,False,Bardsley,CLEAN_POSITIVE_MINUTES,0.0
McShane,SUN,4.5,1764,20.0,0,2.0,37.0,3.0,1,,9,38,,46.42,8.44,DEF,https://www.fantasyfootballscout.co.uk/fantasy-premier-league-defenders,False,McShane,CLEAN_POSITIVE_MINUTES,0.0
Chimbonda,SUN,5.5,2752,31.0,6,7.0,51.0,5.0,0,,1,99,,27.8,18.0,DEF,https://www.fantasyfootballscout.co.uk/fantasy-premier-league-defenders,False,Chimbonda,CLEAN_POSITIVE_MINUTES,2.0
Bale,TOT,6.0,610,7.0,1,0.0,14.0,1.0,0,,3,27,,22.59,4.5,DEF,https://www.fantasyfootballscout.co.uk/fantasy-premier-league-defenders,False,Bale,CLEAN_POSITIVE_MINUTES,2.0
Gilberto,TOT,5.0,343,3.0,0,1.0,3.0,0.0,0,,0,18,,19.06,3.6,DEF,https://www.fantasyfootballscout.co.uk/fantasy-premier-league-defenders,False,Gilberto,CLEAN_POSITIVE_MINUTES,1.0
Assou-Ekotto,TOT,4.5,90,1.0,0,0.0,1.0,1.0,0,,0,1,,90.0,0.22,DEF,https://www.fantasyfootballscout.co.uk/fantasy-premier-league-defenders,False,Assou-Ekotto,CLEAN_POSITIVE_MINUTES,0.0
Hutton,TOT,5.5,1215,14.0,1,4.0,20.0,1.0,0,,6,43,,28.26,7.82,DEF,https://www.fantasyfootballscout.co.uk/fantasy-premier-league-defenders,False,Hutton,CLEAN_POSITIVE_MINUTES,0.0
Lee,TOT,4.5,1519,17.0,0,4.0,28.0,2.0,0,,0,39,,38.95,8.67,DEF,https://www.fantasyfootballscout.co.uk/fantasy-premier-league-defenders,False,Lee,CLEAN_POSITIVE_MINUTES,0.0
Kaboul,TOT,5.0,1605,19.0,1,3.0,35.0,1.0,0,,4,61,,26.31,12.2,DEF,https://www.fantasyfootballscout.co.uk/fantasy-premier-league-defenders,False,Kaboul,CLEAN_POSITIVE_MINUTES,3.0
Stalteri,TOT,4.5,1368,16.0,1,5.0,20.0,3.0,0,,0,45,,90.0,10.0,DEF,https://www.fantasyfootballscout.co.uk/fantasy-premier-league-defenders,False,Stalteri,CLEAN_POSITIVE_MINUTES,0.0
Dawson,TOT,5.0,2195,25.0,0,4.0,39.0,3.0,0,,3,64,,34.3,12.8,DEF,https://www.fantasyfootballscout.co.uk/fantasy-premier-league-defenders,False,Dawson,CLEAN_POSITIVE_MINUTES,1.0
Rocha,TOT,4.5,425,5.0,0,1.0,7.0,1.0,0,,0,11,,38.64,2.44,DEF,https://www.fantasyfootballscout.co.uk/fantasy-premier-league-defenders,False,Rocha,CLEAN_POSITIVE_MINUTES,0.0
Woodgate,TOT,5.5,2438,28.0,0,7.0,44.0,6.0,0,,16,87,,28.02,15.82,DEF,https://www.fantasyfootballscout.co.uk/fantasy-premier-league-defenders,False,Woodgate,CLEAN_POSITIVE_MINUTES,1.0
Gunter,TOT,4.5,79,1.0,0,0.0,1.0,0.0,0,,0,7,,11.29,1.56,DEF,https://www.fantasyfootballscout.co.uk/fantasy-premier-league-defenders,False,Gunter,CLEAN_POSITIVE_MINUTES,0.0
King,TOT,5.5,289,4.0,0,0.0,8.0,0.0,0,,0,5,,57.8,0.91,DEF,https://www.fantasyfootballscout.co.uk/fantasy-premier-league-defenders,False,King,CLEAN_POSITIVE_MINUTES,0.0
Robinson*,WBA,4.5,0,43.0,12,0.0,0.0,0.0,0,,0,0,,90.0,0.0,DEF,https://www.fantasyfootballscout.co.uk/fantasy-premier-league-defenders,True,Robinson,EXCLUDE_ZERO_OR_OUTSIDE_PL,1.0
Pele*,WBA,4.0,0,13.0,0,0.0,0.0,0.0,0,,0,0,,90.0,0.0,DEF,https://www.fantasyfootballscout.co.uk/fantasy-premier-league-defenders,True,Pele,EXCLUDE_ZERO_OR_OUTSIDE_PL,0.0
Hoefkens*,WBA,4.0,0,42.0,1,0.0,0.0,0.0,0,,0,0,,90.0,0.0,DEF,https://www.fantasyfootballscout.co.uk/fantasy-premier-league-defenders,True,Hoefkens,EXCLUDE_ZERO_OR_OUTSIDE_PL,0.0
Barnett*,WBA,4.0,0,30.0,0,0.0,0.0,0.0,0,,0,0,,90.0,0.0,DEF,https://www.fantasyfootballscout.co.uk/fantasy-premier-league-defenders,True,Barnett,EXCLUDE_ZERO_OR_OUTSIDE_PL,3.0
Zuiverloon*,WBA,4.5,0,0.0,0,0.0,0.0,0.0,0,,0,0,,90.0,0.0,DEF,https://www.fantasyfootballscout.co.uk/fantasy-premier-league-defenders,True,Zuiverloon,EXCLUDE_ZERO_OR_OUTSIDE_PL,0.0
Tininho*,WBA,4.0,0,0.0,0,0.0,0.0,0.0,0,,0,0,,90.0,0.0,DEF,https://www.fantasyfootballscout.co.uk/fantasy-premier-league-defenders,True,Tininho,EXCLUDE_ZERO_OR_OUTSIDE_PL,0.0
Cech*,WBA,4.5,0,0.0,0,0.0,0.0,0.0,0,,0,0,,90.0,0.0,DEF,https://www.fantasyfootballscout.co.uk/fantasy-premier-league-defenders,True,Cech,EXCLUDE_ZERO_OR_OUTSIDE_PL,0.0
Cesar*,WBA,4.0,0,19.0,1,0.0,0.0,0.0,0,,0,0,,90.0,0.0,DEF,https://www.fantasyfootballscout.co.uk/fantasy-premier-league-defenders,True,Cesar,EXCLUDE_ZERO_OR_OUTSIDE_PL,1.0
Clement*,WBA,4.0,0,8.0,0,0.0,0.0,0.0,0,,0,0,,90.0,0.0,DEF,https://www.fantasyfootballscout.co.uk/fantasy-premier-league-defenders,True,Clement,EXCLUDE_ZERO_OR_OUTSIDE_PL,0.0
Collins,WHM,,199,2.0,0,1.0,2.0,0.0,0,,0,8,,24.88,0.0,DEF,https://www.fantasyfootballscout.co.uk/fantasy-premier-league-defenders,False,Collins,CLEAN_POSITIVE_MINUTES,0.0
Davenport,WHM,,0,0.0,0,0.0,0.0,0.0,0,,0,0,,90.0,0.0,DEF,https://www.fantasyfootballscout.co.uk/fantasy-premier-league-defenders,False,Davenport,EXCLUDE_ZERO_OR_OUTSIDE_PL,0.0
Upson,WHM,5.0,2582,29.0,1,8.0,30.0,2.0,0,,9,99,,26.08,19.8,DEF,https://www.fantasyfootballscout.co.uk/fantasy-premier-league-defenders,False,Upson,CLEAN_POSITIVE_MINUTES,1.0
Spector,WHM,4.5,1326,13.0,1,2.0,20.0,1.0,0,,0,43,,30.84,9.56,DEF,https://www.fantasyfootballscout.co.uk/fantasy-premier-league-defenders,False,Spector,CLEAN_POSITIVE_MINUTES,0.0
Ferdinand,WHM,5.0,1894,21.0,0,4.0,32.0,1.0,0,,2,63,,30.06,12.6,DEF,https://www.fantasyfootballscout.co.uk/fantasy-premier-league-defenders,False,Ferdinand,CLEAN_POSITIVE_MINUTES,2.0
Tomkins,WHM,4.0,467,5.0,0,0.0,11.0,0.0,0,,0,7,,66.71,1.75,DEF,https://www.fantasyfootballscout.co.uk/fantasy-premier-league-defenders,False,Tomkins,CLEAN_POSITIVE_MINUTES,0.0
McCartney,WHM,5.0,3225,37.0,4,7.0,47.0,4.0,0,,7,110,,29.32,22.0,DEF,https://www.fantasyfootballscout.co.uk/fantasy-premier-league-defenders,False,McCartney,CLEAN_POSITIVE_MINUTES,1.0
Gabbidon,WHM,4.5,768,8.0,0,3.0,5.0,1.0,0,,0,29,,26.48,6.44,DEF,https://www.fantasyfootballscout.co.uk/fantasy-premier-league-defenders,False,Gabbidon,CLEAN_POSITIVE_MINUTES,0.0
Neill,WHM,5.0,3060,34.0,2,7.0,46.0,5.0,0,,0,83,,36.87,16.6,DEF,https://www.fantasyfootballscout.co.uk/fantasy-premier-league-defenders,False,Neill,CLEAN_POSITIVE_MINUTES,0.0
Bramble,WIG,4.5,2340,26.0,1,5.0,42.0,5.0,0,,3,69,,33.91,15.33,DEF,https://www.fantasyfootballscout.co.uk/fantasy-premier-league-defenders,False,Bramble,CLEAN_POSITIVE_MINUTES,2.0
Edman,WIG,4.5,400,4.0,0,4.0,1.0,0.0,0,,0,25,,16.0,5.56,DEF,https://www.fantasyfootballscout.co.uk/fantasy-premier-league-defenders,False,Edman,CLEAN_POSITIVE_MINUTES,0.0
Boyce,WIG,4.5,2203,24.0,0,9.0,31.0,1.0,0,,0,73,,30.18,16.22,DEF,https://www.fantasyfootballscout.co.uk/fantasy-premier-league-defenders,False,Boyce,CLEAN_POSITIVE_MINUTES,0.0
Granqvist,WIG,4.0,1171,13.0,0,2.0,24.0,1.0,0,,0,24,,48.79,6.0,DEF,https://www.fantasyfootballscout.co.uk/fantasy-premier-league-defenders,False,Granqvist,CLEAN_POSITIVE_MINUTES,0.0
Taylor,WIG,4.5,1113,14.0,3,2.0,17.0,4.0,0,,4,65,,17.12,14.44,DEF,https://www.fantasyfootballscout.co.uk/fantasy-premier-league-defenders,False,Taylor,CLEAN_POSITIVE_MINUTES,3.0
Scharner,WIG,5.0,3313,37.0,1,12.0,51.0,6.0,0,,15,135,,24.54,27.0,DEF,https://www.fantasyfootballscout.co.uk/fantasy-premier-league-defenders,False,Scharner,CLEAN_POSITIVE_MINUTES,4.0
Melchiot,WIG,4.5,2632,30.0,3,10.0,31.0,2.0,1,,7,101,,26.06,22.44,DEF,https://www.fantasyfootballscout.co.uk/fantasy-premier-league-defenders,False,Melchiot,CLEAN_POSITIVE_MINUTES,0.0
Figueroa,WIG,4.0,91,1.0,0,0.0,2.0,0.0,0,,0,2,,45.5,0.5,DEF,https://www.fantasyfootballscout.co.uk/fantasy-premier-league-defenders,False,Figueroa,CLEAN_POSITIVE_MINUTES,0.0
Diaby,ARS,5.5,714,8.0,1,,,0.0,1,,0,28,,25.5,5.09,MID,https://www.fantasyfootballscout.co.uk/fantasy-premier-league-midfielders,False,Diaby,CLEAN_POSITIVE_MINUTES,1.0
Rosicky,ARS,7.5,1334,15.0,2,,,1.0,0,,9,84,,15.88,11.2,MID,https://www.fantasyfootballscout.co.uk/fantasy-premier-league-midfielders,False,Rosicky,CLEAN_POSITIVE_MINUTES,6.0
Eboue,ARS,6.0,1651,21.0,2,,,5.0,0,,2,77,,21.44,12.83,MID,https://www.fantasyfootballscout.co.uk/fantasy-premier-league-midfielders,False,Eboue,CLEAN_POSITIVE_MINUTES,0.0
Ramsey*,ARS,5.5,0,11.0,3,,,1.0,0,,0,0,,90.0,0.0,MID,https://www.fantasyfootballscout.co.uk/fantasy-premier-league-midfielders,True,Ramsey,EXCLUDE_ZERO_OR_OUTSIDE_PL,1.0
Fabregas,ARS,10.0,2857,32.0,20,,,9.0,0,,43,205,,13.94,20.5,MID,https://www.fantasyfootballscout.co.uk/fantasy-premier-league-midfielders,False,Fabregas,CLEAN_POSITIVE_MINUTES,7.0
Denilson,ARS,6.0,550,5.0,1,,,0.0,0,,1,26,,21.15,4.33,MID,https://www.fantasyfootballscout.co.uk/fantasy-premier-league-midfielders,False,Denilson,CLEAN_POSITIVE_MINUTES,0.0
Song,ARS,5.0,470,5.0,0,,,0.0,0,,0,17,,27.65,3.4,MID,https://www.fantasyfootballscout.co.uk/fantasy-premier-league-midfielders,False,Song,CLEAN_POSITIVE_MINUTES,0.0
Nasri*,ARS,7.5,0,30.0,11,,,0.0,0,,0,0,,90.0,0.0,MID,https://www.fantasyfootballscout.co.uk/fantasy-premier-league-midfielders,True,Nasri,EXCLUDE_ZERO_OR_OUTSIDE_PL,6.0
Wilshere,ARS,5.5,0,0.0,0,,,0.0,0,,0,0,,0.0,0.0,MID,https://www.fantasyfootballscout.co.uk/fantasy-premier-league-midfielders,False,Wilshere,EXCLUDE_ZERO_OR_OUTSIDE_PL,0.0
Petrov,AVL,6.0,1843,21.0,1,,,3.0,0,,3,60,,30.72,10.0,MID,https://www.fantasyfootballscout.co.uk/fantasy-premier-league-midfielders,False,Petrov,CLEAN_POSITIVE_MINUTES,1.0
Osbourne,AVL,4.5,168,2.0,0,,,1.0,0,,0,7,,24.0,1.56,MID,https://www.fantasyfootballscout.co.uk/fantasy-premier-league-midfielders,False,Osbourne,CLEAN_POSITIVE_MINUTES,0.0
Young,AVL,8.5,3288,37.0,17,,,6.0,0,,26,177,,18.58,20.82,MID,https://www.fantasyfootballscout.co.uk/fantasy-premier-league-midfielders,False,Young,CLEAN_POSITIVE_MINUTES,8.0
Maloney,AVL,6.0,995,13.0,1,,,0.0,0,,3,57,,17.46,9.5,MID,https://www.fantasyfootballscout.co.uk/fantasy-premier-league-midfielders,False,Maloney,CLEAN_POSITIVE_MINUTES,4.0
Barry,AVL,8.5,3319,37.0,10,,,5.0,0,,27,178,,18.65,20.94,MID,https://www.fantasyfootballscout.co.uk/fantasy-premier-league-midfielders,False,Barry,CLEAN_POSITIVE_MINUTES,9.0
Reo-Coker,AVL,5.0,3102,35.0,3,,,9.0,1,,3,79,,39.27,15.8,MID,https://www.fantasyfootballscout.co.uk/fantasy-premier-league-midfielders,False,Reo-Coker,CLEAN_POSITIVE_MINUTES,0.0
Gardner,AVL,5.0,1331,16.0,0,,,4.0,0,,0,49,,27.16,9.8,MID,https://www.fantasyfootballscout.co.uk/fantasy-premier-league-midfielders,False,Gardner,CLEAN_POSITIVE_MINUTES,3.0
Routledge,AVL,4.5,99,1.0,0,,,0.0,0,,0,5,,19.8,1.11,MID,https://www.fantasyfootballscout.co.uk/fantasy-premier-league-midfielders,False,Routledge,CLEAN_POSITIVE_MINUTES,0.0
Reid,BLA,5.0,1867,20.0,0,,,6.0,0,,4,46,,40.59,9.2,MID,https://www.fantasyfootballscout.co.uk/fantasy-premier-league-midfielders,False,Reid,CLEAN_POSITIVE_MINUTES,0.0
Tugay,BLA,5.0,1124,12.0,0,,,4.0,1,,11,45,,24.98,9.0,MID,https://www.fantasyfootballscout.co.uk/fantasy-premier-league-midfielders,False,Tugay,CLEAN_POSITIVE_MINUTES,2.0
Mokoena,BLA,4.5,766,9.0,1,,,2.0,0,,0,27,,28.37,6.0,MID,https://www.fantasyfootballscout.co.uk/fantasy-premier-league-midfielders,False,Mokoena,CLEAN_POSITIVE_MINUTES,0.0
Villanueva,BLA,6.5,0,0.0,0,,,0.0,0,,0,0,,0.0,0.0,MID,https://www.fantasyfootballscout.co.uk/fantasy-premier-league-midfielders,False,Villanueva,EXCLUDE_ZERO_OR_OUTSIDE_PL,0.0
Bentley,BLA,8.0,3320,37.0,10,,,8.0,0,,35,169,,19.64,21.13,MID,https://www.fantasyfootballscout.co.uk/fantasy-premier-league-midfielders,False,Bentley,CLEAN_POSITIVE_MINUTES,6.0
Dunn,BLA,6.0,1951,25.0,6,,,6.0,1,,10,79,,24.7,13.17,MID,https://www.fantasyfootballscout.co.uk/fantasy-premier-league-midfielders,False,Dunn,CLEAN_POSITIVE_MINUTES,1.0
Gamst Pedersen,BLA,7.0,2871,32.0,4,,,5.0,0,,6,110,,26.1,15.71,MID,https://www.fantasyfootballscout.co.uk/fantasy-premier-league-midfielders,False,Gamst Pedersen,CLEAN_POSITIVE_MINUTES,4.0
Vogel,BLA,4.5,462,6.0,0,,,0.0,0,,0,14,,33.0,3.11,MID,https://www.fantasyfootballscout.co.uk/fantasy-premier-league-midfielders,False,Vogel,CLEAN_POSITIVE_MINUTES,0.0
Taylor,BOL,6.0,1827,22.0,4,,,3.0,0,,2,84,,21.75,14.0,MID,https://www.fantasyfootballscout.co.uk/fantasy-premier-league-midfielders,False,Taylor,CLEAN_POSITIVE_MINUTES,4.0
Muamba,BOL,5.0,3196,37.0,2,,,5.0,0,,3,86,,37.16,17.2,MID,https://www.fantasyfootballscout.co.uk/fantasy-premier-league-midfielders,False,Muamba,CLEAN_POSITIVE_MINUTES,2.0
McCann,BOL,4.5,2020,21.0,0,,,5.0,0,,3,61,,33.11,13.56,MID,https://www.fantasyfootballscout.co.uk/fantasy-premier-league-midfielders,False,McCann,CLEAN_POSITIVE_MINUTES,1.0
Nolan,BOL,6.0,2766,33.0,3,,,10.0,0,,0,100,,27.66,16.67,MID,https://www.fantasyfootballscout.co.uk/fantasy-premier-league-midfielders,False,Nolan,CLEAN_POSITIVE_MINUTES,5.0
Cohen,BOL,4.5,301,3.0,0,,,1.0,0,,0,15,,20.07,3.33,MID,https://www.fantasyfootballscout.co.uk/fantasy-premier-league-midfielders,False,Cohen,CLEAN_POSITIVE_MINUTES,1.0
O’Brien J,BOL,4.5,1320,16.0,1,,,2.0,0,,0,35,,37.71,7.78,MID,https://www.fantasyfootballscout.co.uk/fantasy-premier-league-midfielders,False,O’Brien J,CLEAN_POSITIVE_MINUTES,0.0
Deco*,CHE,9.0,0,14.0,6,,,2.0,0,,0,0,,90.0,0.0,MID,https://www.fantasyfootballscout.co.uk/fantasy-premier-league-midfielders,True,Deco,EXCLUDE_ZERO_OR_OUTSIDE_PL,1.0
Kalou,CHE,8.5,2133,24.0,11,,,1.0,0,,3,115,,18.55,13.53,MID,https://www.fantasyfootballscout.co.uk/fantasy-premier-league-midfielders,False,Kalou,CLEAN_POSITIVE_MINUTES,7.0
Cole J,CHE,9.0,2470,29.0,6,,,5.0,0,,18,144,,17.15,16.0,MID,https://www.fantasyfootballscout.co.uk/fantasy-premier-league-midfielders,False,Cole J,CLEAN_POSITIVE_MINUTES,7.0
Essien,CHE,8.0,2099,23.0,4,,,5.0,1,,27,121,,17.35,15.13,MID,https://www.fantasyfootballscout.co.uk/fantasy-premier-league-midfielders,False,Essien,CLEAN_POSITIVE_MINUTES,6.0
Wright-Phillips,CHE,7.5,1649,19.0,4,,,1.0,0,,3,77,,21.42,10.27,MID,https://www.fantasyfootballscout.co.uk/fantasy-premier-league-midfielders,False,Wright-Phillips,CLEAN_POSITIVE_MINUTES,2.0
Lampard,CHE,11.0,1954,21.0,10,,,4.0,1,,19,149,,13.11,13.55,MID,https://www.fantasyfootballscout.co.uk/fantasy-premier-league-midfielders,False,Lampard,CLEAN_POSITIVE_MINUTES,10.0
Malouda,CHE,7.5,1392,16.0,1,,,2.0,0,,2,57,,24.42,7.6,MID,https://www.fantasyfootballscout.co.uk/fantasy-premier-league-midfielders,False,Malouda,CLEAN_POSITIVE_MINUTES,2.0
Makelele,CHE,5.5,1221,15.0,0,,,1.0,0,,8,47,,25.98,8.55,MID,https://www.fantasyfootballscout.co.uk/fantasy-premier-league-midfielders,False,Makelele,CLEAN_POSITIVE_MINUTES,0.0
Mikel,CHE,6.0,1953,22.0,0,,,5.0,1,,5,58,,33.67,9.67,MID,https://www.fantasyfootballscout.co.uk/fantasy-premier-league-midfielders,False,Mikel,CLEAN_POSITIVE_MINUTES,0.0
Ballack,CHE,9.0,1410,17.0,1,,,5.0,0,,21,98,,14.39,10.89,MID,https://www.fantasyfootballscout.co.uk/fantasy-premier-league-midfielders,False,Ballack,CLEAN_POSITIVE_MINUTES,7.0
Sidwell,AVL,6.5,518,7.0,1,,,1.0,0,,0,25,,20.72,3.85,MID,https://www.fantasyfootballscout.co.uk/fantasy-premier-league-midfielders,False,Sidwell,CLEAN_POSITIVE_MINUTES,0.0
Cahill,EVE,8.0,1498,17.0,3,,,4.0,0,,9,94,,15.94,11.75,MID,https://www.fantasyfootballscout.co.uk/fantasy-premier-league-midfielders,False,Cahill,CLEAN_POSITIVE_MINUTES,7.0
Osman,EVE,6.0,2313,26.0,2,,,0.0,0,,13,103,,22.46,17.17,MID,https://www.fantasyfootballscout.co.uk/fantasy-premier-league-midfielders,False,Osman,CLEAN_POSITIVE_MINUTES,4.0
Pienaar,EVE,5.5,2080,25.0,6,,,6.0,0,,8,90,,23.11,16.36,MID,https://www.fantasyfootballscout.co.uk/fantasy-premier-league-midfielders,False,Pienaar,CLEAN_POSITIVE_MINUTES,2.0
Arteta,EVE,7.5,2448,27.0,7,,,2.0,1,,17,105,,23.31,14.0,MID,https://www.fantasyfootballscout.co.uk/fantasy-premier-league-midfielders,False,Arteta,CLEAN_POSITIVE_MINUTES,1.0
Gera*,FUL,5.5,0,33.0,7,,,4.0,0,,0,0,,90.0,0.0,MID,https://www.fantasyfootballscout.co.uk/fantasy-premier-league-midfielders,True,Gera,EXCLUDE_ZERO_OR_OUTSIDE_PL,8.0
Cook,FUL,4.5,0,0.0,0,,,0.0,0,,0,0,,90.0,0.0,MID,https://www.fantasyfootballscout.co.uk/fantasy-premier-league-midfielders,False,Cook,EXCLUDE_ZERO_OR_OUTSIDE_PL,0.0
Andreasen,FUL,4.5,788,9.0,0,,,2.0,1,,0,18,,43.78,4.0,MID,https://www.fantasyfootballscout.co.uk/fantasy-premier-league-midfielders,False,Andreasen,CLEAN_POSITIVE_MINUTES,0.0
Bouazza,FUL,5.5,1188,15.0,2,,,1.0,1,,0,38,,31.26,6.91,MID,https://www.fantasyfootballscout.co.uk/fantasy-premier-league-midfielders,False,Bouazza,CLEAN_POSITIVE_MINUTES,1.0
Bullard,FUL,6.5,1386,16.0,3,,,0.0,0,,20,76,,18.24,11.69,MID,https://www.fantasyfootballscout.co.uk/fantasy-premier-league-midfielders,False,Bullard,CLEAN_POSITIVE_MINUTES,2.0
Davies,FUL,6.0,3210,36.0,8,,,6.0,0,,19,140,,22.93,23.33,MID,https://www.fantasyfootballscout.co.uk/fantasy-premier-league-midfielders,False,Davies,CLEAN_POSITIVE_MINUTES,5.0
Seol,FUL,5.0,498,6.0,1,,,1.0,0,,0,22,,22.64,4.4,MID,https://www.fantasyfootballscout.co.uk/fantasy-premier-league-midfielders,False,Seol,CLEAN_POSITIVE_MINUTES,0.0
Dempsey,FUL,5.5,2671,32.0,3,,,4.0,0,,7,115,,23.23,20.91,MID,https://www.fantasyfootballscout.co.uk/fantasy-premier-league-midfielders,False,Dempsey,CLEAN_POSITIVE_MINUTES,6.0
Murphy,FUL,5.5,2470,28.0,1,,,4.0,0,,8,97,,25.46,17.64,MID,https://www.fantasyfootballscout.co.uk/fantasy-premier-league-midfielders,False,Murphy,CLEAN_POSITIVE_MINUTES,5.0
Smertin,FUL,4.5,988,11.0,1,,,2.0,0,,3,42,,23.52,9.33,MID,https://www.fantasyfootballscout.co.uk/fantasy-premier-league-midfielders,False,Smertin,CLEAN_POSITIVE_MINUTES,2.0
Andranik,FUL,4.5,79,1.0,0,,,0.0,0,,0,3,,26.33,0.67,MID,https://www.fantasyfootballscout.co.uk/fantasy-premier-league-midfielders,False,Andranik,CLEAN_POSITIVE_MINUTES,0.0
Halmosi*,HUL,5.0,0,41.0,8,,,2.0,1,,0,0,,90.0,0.0,MID,https://www.fantasyfootballscout.co.uk/fantasy-premier-league-midfielders,True,Halmosi,EXCLUDE_ZERO_OR_OUTSIDE_PL,9.0
Geovanni,HUL,5.0,412,2.0,1,,,4.0,0,,0,36,,11.44,7.2,MID,https://www.fantasyfootballscout.co.uk/fantasy-premier-league-midfielders,False,Geovanni,CLEAN_POSITIVE_MINUTES,3.0
Barmby*,HUL,4.5,0,7.0,1,,,3.0,0,,0,0,,90.0,0.0,MID,https://www.fantasyfootballscout.co.uk/fantasy-premier-league-midfielders,True,Barmby,EXCLUDE_ZERO_OR_OUTSIDE_PL,3.0
Pedersen*,HUL,4.5,0,18.0,4,,,0.0,0,,0,0,,90.0,0.0,MID,https://www.fantasyfootballscout.co.uk/fantasy-premier-league-midfielders,True,Pedersen,EXCLUDE_ZERO_OR_OUTSIDE_PL,4.0
Hughes*,HUL,4.5,0,28.0,1,,,1.0,0,,0,0,,90.0,0.0,MID,https://www.fantasyfootballscout.co.uk/fantasy-premier-league-midfielders,True,Hughes,EXCLUDE_ZERO_OR_OUTSIDE_PL,1.0
Ashbee*,HUL,4.5,0,44.0,0,,,4.0,1,,0,0,,90.0,0.0,MID,https://www.fantasyfootballscout.co.uk/fantasy-premier-league-midfielders,True,Ashbee,EXCLUDE_ZERO_OR_OUTSIDE_PL,3.0
Marney*,HUL,4.5,0,35.0,6,,,8.0,8,,0,0,,90.0,0.0,MID,https://www.fantasyfootballscout.co.uk/fantasy-premier-league-midfielders,True,Marney,EXCLUDE_ZERO_OR_OUTSIDE_PL,7.0
Welsh*,HUL,4.5,0,0.0,0,,,0.0,0,,3,3,,90.0,0.67,MID,https://www.fantasyfootballscout.co.uk/fantasy-premier-league-midfielders,True,Welsh,EXCLUDE_ZERO_OR_OUTSIDE_PL,0.0
Garcia*,HUL,4.5,0,37.0,3,,,5.0,0,,0,0,,90.0,0.0,MID,https://www.fantasyfootballscout.co.uk/fantasy-premier-league-midfielders,True,Garcia,EXCLUDE_ZERO_OR_OUTSIDE_PL,6.0
Kuyt,LIV,8.5,2166,24.0,8,,,3.0,0,,5,95,,22.8,11.18,MID,https://www.fantasyfootballscout.co.uk/fantasy-premier-league-midfielders,False,Kuyt,CLEAN_POSITIVE_MINUTES,3.0
Lucas,LIV,6.5,1110,12.0,5,,,0.0,0,,2,55,,20.18,8.46,MID,https://www.fantasyfootballscout.co.uk/fantasy-premier-league-midfielders,False,Lucas,CLEAN_POSITIVE_MINUTES,0.0
Alonso,LIV,6.0,1468,16.0,1,,,3.0,0,,7,60,,24.47,10.0,MID,https://www.fantasyfootballscout.co.uk/fantasy-premier-league-midfielders,False,Alonso,CLEAN_POSITIVE_MINUTES,2.0
Plessis,LIV,5.0,180,1.0,0,,,0.0,0,,0,4,,45.0,0.8,MID,https://www.fantasyfootballscout.co.uk/fantasy-premier-league-midfielders,False,Plessis,CLEAN_POSITIVE_MINUTES,0.0
Mascherano,LIV,5.5,2153,24.0,1,,,5.0,1,,15,76,,28.33,13.82,MID,https://www.fantasyfootballscout.co.uk/fantasy-premier-league-midfielders,False,Mascherano,CLEAN_POSITIVE_MINUTES,1.0
Babel,LIV,7.5,1420,16.0,3,,,1.0,0,,1,78,,18.21,10.4,MID,https://www.fantasyfootballscout.co.uk/fantasy-premier-league-midfielders,False,Babel,CLEAN_POSITIVE_MINUTES,4.0
Benayoun,LIV,7.0,1581,15.0,2,,,0.0,0,,3,81,,19.52,11.57,MID,https://www.fantasyfootballscout.co.uk/fantasy-premier-league-midfielders,False,Benayoun,CLEAN_POSITIVE_MINUTES,4.0
Pennant,LIV,6.5,1128,14.0,3,,,3.0,0,,6,63,,17.9,9.69,MID,https://www.fantasyfootballscout.co.uk/fantasy-premier-league-midfielders,False,Pennant,CLEAN_POSITIVE_MINUTES,2.0
Leto,LIV,5.5,0,0.0,0,,,0.0,0,,0,0,,90.0,0.0,MID,https://www.fantasyfootballscout.co.uk/fantasy-premier-league-midfielders,False,Leto,EXCLUDE_ZERO_OR_OUTSIDE_PL,0.0
Gerrard,LIV,11.5,2840,32.0,11,,,3.0,0,,35,200,,14.2,17.39,MID,https://www.fantasyfootballscout.co.uk/fantasy-premier-league-midfielders,False,Gerrard,CLEAN_POSITIVE_MINUTES,11.0
Elano,MCY,8.5,2439,30.0,9,,,3.0,0,,13,149,,16.37,17.53,MID,https://www.fantasyfootballscout.co.uk/fantasy-premier-league-midfielders,False,Elano,CLEAN_POSITIVE_MINUTES,8.0
Ireland,MCY,5.5,2547,32.0,4,,,1.0,1,,8,106,,24.03,19.27,MID,https://www.fantasyfootballscout.co.uk/fantasy-premier-league-midfielders,False,Ireland,CLEAN_POSITIVE_MINUTES,4.0
Castillo,MCY,7.0,296,3.0,0,,,0.0,0,,0,9,,32.89,1.29,MID,https://www.fantasyfootballscout.co.uk/fantasy-premier-league-midfielders,False,Castillo,CLEAN_POSITIVE_MINUTES,0.0
Hamann,MCY,4.5,2203,26.0,1,,,8.0,0,,13,71,,31.03,15.78,MID,https://www.fantasyfootballscout.co.uk/fantasy-premier-league-midfielders,False,Hamann,CLEAN_POSITIVE_MINUTES,0.0
Johnson,MCY,6.0,1930,22.0,3,,,4.0,0,,2,67,,28.81,11.17,MID,https://www.fantasyfootballscout.co.uk/fantasy-premier-league-midfielders,False,Johnson,CLEAN_POSITIVE_MINUTES,2.0
Gelson,MCY,5.0,1961,21.0,0,,,5.0,0,,5,59,,33.24,11.8,MID,https://www.fantasyfootballscout.co.uk/fantasy-premier-league-midfielders,False,Gelson,CLEAN_POSITIVE_MINUTES,2.0
Petrov,MCY,7.5,2972,34.0,11,,,2.0,1,,21,153,,19.42,20.4,MID,https://www.fantasyfootballscout.co.uk/fantasy-premier-league-midfielders,False,Petrov,CLEAN_POSITIVE_MINUTES,5.0
O’Neil,MID,5.0,2330,27.0,5,,,8.0,0,,3,70,,33.29,14.0,MID,https://www.fantasyfootballscout.co.uk/fantasy-premier-league-midfielders,False,O’Neil,CLEAN_POSITIVE_MINUTES,0.0
Shawky,MID,4.5,252,3.0,0,,,1.0,0,,0,7,,36.0,1.56,MID,https://www.fantasyfootballscout.co.uk/fantasy-premier-league-midfielders,False,Shawky,CLEAN_POSITIVE_MINUTES,0.0
Johnson,MID,4.5,475,3.0,0,,,2.0,0,,0,25,,19.0,5.56,MID,https://www.fantasyfootballscout.co.uk/fantasy-premier-league-midfielders,False,Johnson,CLEAN_POSITIVE_MINUTES,1.0
Arca,MID,5.5,1863,22.0,5,,,6.0,0,,8,77,,24.19,14.0,MID,https://www.fantasyfootballscout.co.uk/fantasy-premier-league-midfielders,False,Arca,CLEAN_POSITIVE_MINUTES,2.0
Digard*,MID,5.0,0,13.0,0,,,1.0,0,,0,0,,90.0,0.0,MID,https://www.fantasyfootballscout.co.uk/fantasy-premier-league-midfielders,True,Digard,EXCLUDE_ZERO_OR_OUTSIDE_PL,0.0
Downing,MID,7.5,3415,38.0,6,,,3.0,0,,22,166,,20.57,22.13,MID,https://www.fantasyfootballscout.co.uk/fantasy-premier-league-midfielders,False,Downing,CLEAN_POSITIVE_MINUTES,9.0
Boateng,HUL,5.0,2607,30.0,3,,,9.0,0,,13,86,,30.31,17.2,MID,https://www.fantasyfootballscout.co.uk/fantasy-premier-league-midfielders,False,Boateng,CLEAN_POSITIVE_MINUTES,1.0
Park,MUN,6.5,630,8.0,1,,,0.0,0,,0,31,,20.32,4.77,MID,https://www.fantasyfootballscout.co.uk/fantasy-premier-league-midfielders,False,Park,CLEAN_POSITIVE_MINUTES,1.0
Carrick,MUN,7.0,2203,25.0,3,,,2.0,0,,10,93,,23.69,13.29,MID,https://www.fantasyfootballscout.co.uk/fantasy-premier-league-midfielders,False,Carrick,CLEAN_POSITIVE_MINUTES,2.0
Scholes,MUN,7.0,1836,22.0,4,,,3.0,0,,14,85,,21.6,12.14,MID,https://www.fantasyfootballscout.co.uk/fantasy-premier-league-midfielders,False,Scholes,CLEAN_POSITIVE_MINUTES,1.0
Hargreaves,MUN,7.0,1527,17.0,2,,,2.0,0,,8,69,,22.13,9.86,MID,https://www.fantasyfootballscout.co.uk/fantasy-premier-league-midfielders,False,Hargreaves,CLEAN_POSITIVE_MINUTES,2.0
Ronaldo,MUN,14.0,2746,31.0,7,,,5.0,1,,35,283,,9.7,20.21,MID,https://www.fantasyfootballscout.co.uk/fantasy-premier-league-midfielders,False,Ronaldo,CLEAN_POSITIVE_MINUTES,31.0
Nani,MUN,8.0,1572,17.0,9,,,2.0,1,,5,89,,17.66,11.13,MID,https://www.fantasyfootballscout.co.uk/fantasy-premier-league-midfielders,False,Nani,CLEAN_POSITIVE_MINUTES,3.0
Fletcher,MUN,5.5,653,5.0,2,,,1.0,0,,0,28,,23.32,5.09,MID,https://www.fantasyfootballscout.co.uk/fantasy-premier-league-midfielders,False,Fletcher,CLEAN_POSITIVE_MINUTES,0.0
Giggs,MUN,7.5,2234,27.0,5,,,1.0,0,,3,101,,22.12,13.47,MID,https://www.fantasyfootballscout.co.uk/fantasy-premier-league-midfielders,False,Giggs,CLEAN_POSITIVE_MINUTES,3.0
Anderson,MUN,6.0,1485,17.0,1,,,2.0,0,,3,54,,27.5,9.0,MID,https://www.fantasyfootballscout.co.uk/fantasy-premier-league-midfielders,False,Anderson,CLEAN_POSITIVE_MINUTES,0.0
Guthrie,NEW,5.0,1896,23.0,0,,,4.0,0,,7,57,,33.26,11.4,MID,https://www.fantasyfootballscout.co.uk/fantasy-premier-league-midfielders,False,Guthrie,CLEAN_POSITIVE_MINUTES,0.0
Milner,NEW,6.0,2227,25.0,2,,,3.0,0,,14,84,,26.51,14.0,MID,https://www.fantasyfootballscout.co.uk/fantasy-premier-league-midfielders,False,Milner,CLEAN_POSITIVE_MINUTES,2.0
Butt,NEW,5.5,2998,34.0,1,,,12.0,0,,28,110,,27.25,20.0,MID,https://www.fantasyfootballscout.co.uk/fantasy-premier-league-midfielders,False,Butt,CLEAN_POSITIVE_MINUTES,3.0
Duff,NEW,6.0,1062,12.0,0,,,3.0,0,,1,27,,39.33,4.5,MID,https://www.fantasyfootballscout.co.uk/fantasy-premier-league-midfielders,False,Duff,CLEAN_POSITIVE_MINUTES,0.0
Geremi,NEW,6.0,2057,25.0,7,,,3.0,0,,4,101,,20.37,16.83,MID,https://www.fantasyfootballscout.co.uk/fantasy-premier-league-midfielders,False,Geremi,CLEAN_POSITIVE_MINUTES,2.0
Gutierrez*,NEW,6.0,0,24.0,5,,,4.0,0,,0,0,,90.0,0.0,MID,https://www.fantasyfootballscout.co.uk/fantasy-premier-league-midfielders,True,Gutierrez,EXCLUDE_ZERO_OR_OUTSIDE_PL,0.0
Smith,NEW,5.0,2396,27.0,3,,,9.0,1,,5,61,,39.28,12.2,MID,https://www.fantasyfootballscout.co.uk/fantasy-premier-league-midfielders,False,Smith,CLEAN_POSITIVE_MINUTES,0.0
Mvuemba,POR,4.5,316,4.0,0,,,0.0,0,,0,12,,26.33,2.67,MID,https://www.fantasyfootballscout.co.uk/fantasy-premier-league-midfielders,False,Mvuemba,CLEAN_POSITIVE_MINUTES,0.0
Hughes,POR,4.5,770,8.0,0,,,2.0,0,,0,22,,35.0,4.89,MID,https://www.fantasyfootballscout.co.uk/fantasy-premier-league-midfielders,False,Hughes,CLEAN_POSITIVE_MINUTES,0.0
Kranjcar,POR,6.5,2854,33.0,4,,,2.0,0,,10,118,,24.19,18.15,MID,https://www.fantasyfootballscout.co.uk/fantasy-premier-league-midfielders,False,Kranjcar,CLEAN_POSITIVE_MINUTES,4.0
Davis,POR,5.0,1648,19.0,2,,,8.0,0,,0,51,,32.31,10.2,MID,https://www.fantasyfootballscout.co.uk/fantasy-premier-league-midfielders,False,Davis,CLEAN_POSITIVE_MINUTES,1.0
Mendes,POR,4.5,1221,15.0,4,,,3.0,0,,8,52,,23.48,11.56,MID,https://www.fantasyfootballscout.co.uk/fantasy-premier-league-midfielders,False,Mendes,CLEAN_POSITIVE_MINUTES,0.0
Diop,POR,5.5,2173,25.0,4,,,7.0,0,,6,77,,28.22,14.0,MID,https://www.fantasyfootballscout.co.uk/fantasy-premier-league-midfielders,False,Diop,CLEAN_POSITIVE_MINUTES,0.0
Muntari,POR,6.5,2367,27.0,3,,,4.0,2,,7,97,,24.4,14.92,MID,https://www.fantasyfootballscout.co.uk/fantasy-premier-league-midfielders,False,Muntari,CLEAN_POSITIVE_MINUTES,4.0
Diarra,POR,5.5,1370,15.0,0,,,3.0,0,,15,54,,25.37,9.82,MID,https://www.fantasyfootballscout.co.uk/fantasy-premier-league-midfielders,False,Diarra,CLEAN_POSITIVE_MINUTES,1.0
Little,POR,4.5,53,0.0,0,,,0.0,0,,0,2,,26.5,0.44,MID,https://www.fantasyfootballscout.co.uk/fantasy-premier-league-midfielders,False,Little,CLEAN_POSITIVE_MINUTES,0.0
Olofinjana*,STK,5.0,0,0.0,0,,,0.0,0,,0,0,,0.0,0.0,MID,https://www.fantasyfootballscout.co.uk/fantasy-premier-league-midfielders,True,Olofinjana,EXCLUDE_ZERO_OR_OUTSIDE_PL,0.0
Diao*,STK,4.5,0,8.0,0,,,1.0,0,,0,0,,90.0,0.0,MID,https://www.fantasyfootballscout.co.uk/fantasy-premier-league-midfielders,True,Diao,EXCLUDE_ZERO_OR_OUTSIDE_PL,0.0
Delap*,STK,4.5,0,44.0,6,,,6.0,0,,0,0,,90.0,0.0,MID,https://www.fantasyfootballscout.co.uk/fantasy-premier-league-midfielders,True,Delap,EXCLUDE_ZERO_OR_OUTSIDE_PL,2.0
Whelan*,STK,4.5,0,13.0,0,,,3.0,0,,0,0,,90.0,0.0,MID,https://www.fantasyfootballscout.co.uk/fantasy-premier-league-midfielders,True,Whelan,EXCLUDE_ZERO_OR_OUTSIDE_PL,1.0
Lawrence*,STK,5.5,0,40.0,15,,,12.0,0,,0,0,,90.0,0.0,MID,https://www.fantasyfootballscout.co.uk/fantasy-premier-league-midfielders,True,Lawrence,EXCLUDE_ZERO_OR_OUTSIDE_PL,15.0
Pugh*,STK,4.5,0,27.0,4,,,5.0,0,,0,0,,90.0,0.0,MID,https://www.fantasyfootballscout.co.uk/fantasy-premier-league-midfielders,True,Pugh,EXCLUDE_ZERO_OR_OUTSIDE_PL,0.0
Wallace,SUN,4.5,1491,19.0,2,,,3.0,0,,2,55,,27.11,12.22,MID,https://www.fantasyfootballscout.co.uk/fantasy-premier-league-midfielders,False,Wallace,CLEAN_POSITIVE_MINUTES,2.0
Richardson,SUN,6.0,1109,13.0,2,,,3.0,0,,3,53,,20.92,8.83,MID,https://www.fantasyfootballscout.co.uk/fantasy-premier-league-midfielders,False,Richardson,CLEAN_POSITIVE_MINUTES,3.0
Leadbitter,SUN,5.0,1896,21.0,5,,,5.0,0,,2,71,,26.7,14.2,MID,https://www.fantasyfootballscout.co.uk/fantasy-premier-league-midfielders,False,Leadbitter,CLEAN_POSITIVE_MINUTES,2.0
Miller,SUN,4.5,1604,17.0,2,,,3.0,1,,0,47,,34.13,10.44,MID,https://www.fantasyfootballscout.co.uk/fantasy-premier-league-midfielders,False,Miller,CLEAN_POSITIVE_MINUTES,1.0
Reid,SUN,6.0,985,11.0,2,,,2.0,0,,15,50,,19.7,8.33,MID,https://www.fantasyfootballscout.co.uk/fantasy-premier-league-midfielders,False,Reid,CLEAN_POSITIVE_MINUTES,1.0
Edwards,SUN,5.5,845,11.0,0,,,0.0,0,,5,29,,29.14,5.27,MID,https://www.fantasyfootballscout.co.uk/fantasy-premier-league-midfielders,False,Edwards,CLEAN_POSITIVE_MINUTES,0.0
Whitehead,SUN,5.0,2397,27.0,2,,,8.0,0,,1,62,,38.66,12.4,MID,https://www.fantasyfootballscout.co.uk/fantasy-premier-league-midfielders,False,Whitehead,CLEAN_POSITIVE_MINUTES,1.0
O’Donovan,SUN,4.5,459,4.0,0,,,2.0,0,,0,16,,28.69,3.56,MID,https://www.fantasyfootballscout.co.uk/fantasy-premier-league-midfielders,False,O’Donovan,CLEAN_POSITIVE_MINUTES,0.0
Yorke,SUN,4.5,1250,17.0,0,,,4.0,1,,2,34,,36.76,7.56,MID,https://www.fantasyfootballscout.co.uk/fantasy-premier-league-midfielders,False,Yorke,CLEAN_POSITIVE_MINUTES,1.0
Tainio,SUN,5.0,651,8.0,0,,,1.0,0,,0,19,,34.26,3.8,MID,https://www.fantasyfootballscout.co.uk/fantasy-premier-league-midfielders,False,Tainio,CLEAN_POSITIVE_MINUTES,0.0
Etuhu,Sun,4.5,1504,18.0,1,,,4.0,0,,1,44,,34.18,9.78,MID,https://www.fantasyfootballscout.co.uk/fantasy-premier-league-midfielders,False,Etuhu,CLEAN_POSITIVE_MINUTES,1.0
Malbranque,SUN,6.5,2840,35.0,6,,,4.0,0,,8,113,,25.13,17.38,MID,https://www.fantasyfootballscout.co.uk/fantasy-premier-league-midfielders,False,Malbranque,CLEAN_POSITIVE_MINUTES,4.0
Zokora,TOT,5.5,2252,25.0,0,,,6.0,0,,0,53,,42.49,9.64,MID,https://www.fantasyfootballscout.co.uk/fantasy-premier-league-midfielders,False,Zokora,CLEAN_POSITIVE_MINUTES,0.0
Huddlestone,TOT,6.0,1945,24.0,7,,,5.0,0,,11,95,,20.47,15.83,MID,https://www.fantasyfootballscout.co.uk/fantasy-premier-league-midfielders,False,Huddlestone,CLEAN_POSITIVE_MINUTES,3.0
Lennon,TOT,7.0,2129,25.0,6,,,1.0,0,,8,95,,22.41,13.57,MID,https://www.fantasyfootballscout.co.uk/fantasy-premier-league-midfielders,False,Lennon,CLEAN_POSITIVE_MINUTES,2.0
Taarabt,TOT,4.5,129,0.0,0,,,0.0,0,,0,6,,21.5,1.33,MID,https://www.fantasyfootballscout.co.uk/fantasy-premier-league-midfielders,False,Taarabt,CLEAN_POSITIVE_MINUTES,0.0
Boateng,TOT,5.0,592,7.0,0,,,2.0,0,,0,17,,34.82,3.4,MID,https://www.fantasyfootballscout.co.uk/fantasy-premier-league-midfielders,False,Boateng,CLEAN_POSITIVE_MINUTES,0.0
Jenas,TOT,7.0,2475,29.0,6,,,3.0,0,,7,104,,23.8,14.86,MID,https://www.fantasyfootballscout.co.uk/fantasy-premier-league-midfielders,False,Jenas,CLEAN_POSITIVE_MINUTES,4.0
O’Hara,TOT,5.0,897,10.0,0,,,3.0,0,,0,25,,35.88,5.0,MID,https://www.fantasyfootballscout.co.uk/fantasy-premier-league-midfielders,False,O’Hara,CLEAN_POSITIVE_MINUTES,1.0
Modric,TOT,7.5,0,25.0,10,,,0.0,0,,0,0,,90.0,0.0,MID,https://www.fantasyfootballscout.co.uk/fantasy-premier-league-midfielders,False,Modric,EXCLUDE_ZERO_OR_OUTSIDE_PL,13.0
Kim Do-Heon*,WBA,4.5,0,1.0,0,,,1.0,0,,0,0,,90.0,0.0,MID,https://www.fantasyfootballscout.co.uk/fantasy-premier-league-midfielders,True,Kim Do-Heon,EXCLUDE_ZERO_OR_OUTSIDE_PL,1.0
Teixeira*,WBA,4.5,0,24.0,4,,,1.0,0,,0,0,,90.0,0.0,MID,https://www.fantasyfootballscout.co.uk/fantasy-premier-league-midfielders,True,Teixeira,EXCLUDE_ZERO_OR_OUTSIDE_PL,5.0
Greening*,WBA,5.0,0,46.0,5,,,8.0,0,,0,0,,90.0,0.0,MID,https://www.fantasyfootballscout.co.uk/fantasy-premier-league-midfielders,True,Greening,EXCLUDE_ZERO_OR_OUTSIDE_PL,1.0
Koren*,WBA,5.5,0,38.0,1,,,2.0,0,,0,0,,90.0,0.0,MID,https://www.fantasyfootballscout.co.uk/fantasy-premier-league-midfielders,True,Koren,EXCLUDE_ZERO_OR_OUTSIDE_PL,9.0
Morrison*,WBA,5.0,0,25.0,4,,,1.0,0,,0,0,,90.0,0.0,MID,https://www.fantasyfootballscout.co.uk/fantasy-premier-league-midfielders,True,Morrison,EXCLUDE_ZERO_OR_OUTSIDE_PL,4.0
Brunt,WBA,5.0,0,22.0,7,,,1.0,0,,0,0,,90.0,0.0,MID,https://www.fantasyfootballscout.co.uk/fantasy-premier-league-midfielders,False,Brunt,EXCLUDE_ZERO_OR_OUTSIDE_PL,5.0
Parker,WHM,5.0,1425,17.0,0,,,3.0,0,,3,39,,36.54,7.8,MID,https://www.fantasyfootballscout.co.uk/fantasy-premier-league-midfielders,False,Parker,CLEAN_POSITIVE_MINUTES,1.0
Boa Morte,WHM,5.0,1494,18.0,3,,,2.0,1,,2,50,,29.88,10.0,MID,https://www.fantasyfootballscout.co.uk/fantasy-premier-league-midfielders,False,Boa Morte,CLEAN_POSITIVE_MINUTES,0.0
Faubert,WHM,5.5,345,4.0,0,,,1.0,0,,0,11,,31.36,2.0,MID,https://www.fantasyfootballscout.co.uk/fantasy-premier-league-midfielders,False,Faubert,CLEAN_POSITIVE_MINUTES,0.0
Etherington,WHM,5.5,1305,17.0,1,,,2.0,0,,8,59,,22.12,10.73,MID,https://www.fantasyfootballscout.co.uk/fantasy-premier-league-midfielders,False,Etherington,CLEAN_POSITIVE_MINUTES,3.0
Bowyer,WHM,5.5,1008,12.0,2,,,7.0,1,,5,50,,20.16,9.09,MID,https://www.fantasyfootballscout.co.uk/fantasy-premier-league-midfielders,False,Bowyer,CLEAN_POSITIVE_MINUTES,4.0
Noble,WHM,5.5,2289,25.0,3,,,6.0,0,,5,86,,26.62,15.64,MID,https://www.fantasyfootballscout.co.uk/fantasy-premier-league-midfielders,False,Noble,CLEAN_POSITIVE_MINUTES,3.0
Ljungberg,WHM,6.0,1854,20.0,4,,,3.0,0,,8,74,,25.05,12.33,MID,https://www.fantasyfootballscout.co.uk/fantasy-premier-league-midfielders,False,Ljungberg,CLEAN_POSITIVE_MINUTES,2.0
Dyer,WHM,5.5,180,2.0,0,,,0.0,0,,0,5,,36.0,0.91,MID,https://www.fantasyfootballscout.co.uk/fantasy-premier-league-midfielders,False,Dyer,CLEAN_POSITIVE_MINUTES,0.0
Mullins,WHM,4.5,2803,34.0,0,,,3.0,0,,1,71,,39.48,15.78,MID,https://www.fantasyfootballscout.co.uk/fantasy-premier-league-midfielders,False,Mullins,CLEAN_POSITIVE_MINUTES,0.0
Behrami,WHM,5.5,0,0.0,0,,,0.0,0,,0,0,,0.0,0.0,MID,https://www.fantasyfootballscout.co.uk/fantasy-premier-league-midfielders,False,Behrami,EXCLUDE_ZERO_OR_OUTSIDE_PL,0.0
Palacios,WIG,5.5,1730,20.0,1,,,6.0,1,,3,49,,35.31,8.91,MID,https://www.fantasyfootballscout.co.uk/fantasy-premier-league-midfielders,False,Palacios,CLEAN_POSITIVE_MINUTES,0.0
Kilbane,WIG,5.0,2962,33.0,1,,,2.0,1,,7,86,,34.44,17.2,MID,https://www.fantasyfootballscout.co.uk/fantasy-premier-league-midfielders,False,Kilbane,CLEAN_POSITIVE_MINUTES,1.0
Koumas,WIG,5.5,1985,21.0,4,,,1.0,1,,18,86,,23.08,15.64,MID,https://www.fantasyfootballscout.co.uk/fantasy-premier-league-midfielders,False,Koumas,CLEAN_POSITIVE_MINUTES,1.0
Sibierski,WIG,5.0,1023,10.0,1,,,1.0,0,,2,64,,15.98,12.8,MID,https://www.fantasyfootballscout.co.uk/fantasy-premier-league-midfielders,False,Sibierski,CLEAN_POSITIVE_MINUTES,4.0
Brown,WIG,4.5,2473,27.0,0,,,11.0,0,,6,62,,39.89,13.78,MID,https://www.fantasyfootballscout.co.uk/fantasy-premier-league-midfielders,False,Brown,CLEAN_POSITIVE_MINUTES,0.0
Valencia,WIG,6.0,2711,30.0,4,,,5.0,0,,12,108,,25.1,18.0,MID,https://www.fantasyfootballscout.co.uk/fantasy-premier-league-midfielders,False,Valencia,CLEAN_POSITIVE_MINUTES,3.0
De Ridder,WIG,4.5,579,6.0,1,,,1.0,0,,3,21,,27.57,4.67,MID,https://www.fantasyfootballscout.co.uk/fantasy-premier-league-midfielders,False,De Ridder,CLEAN_POSITIVE_MINUTES,0.0
Cattermole,WIG,5.0,1002,11.0,0,,,5.0,0,,3,37,,27.08,7.4,MID,https://www.fantasyfootballscout.co.uk/fantasy-premier-league-midfielders,False,Cattermole,CLEAN_POSITIVE_MINUTES,1.0
Kapo,WIG,5.5,2019,23.0,0,,,5.0,0,,8,76,,26.57,13.82,MID,https://www.fantasyfootballscout.co.uk/fantasy-premier-league-midfielders,False,Kapo,CLEAN_POSITIVE_MINUTES,5.0
Van Persie,ARS,9.5,1073,13.0,3,,,2.0,0,,8,68,,15.78,7.16,FWD,https://www.fantasyfootballscout.co.uk/fantasy-premier-league-forwards,False,Van Persie,CLEAN_POSITIVE_MINUTES,7.0
Adebayor,ARS,11.0,2928,33.0,4,,,3.0,0,,27,200,,14.64,18.18,FWD,https://www.fantasyfootballscout.co.uk/fantasy-premier-league-forwards,False,Adebayor,CLEAN_POSITIVE_MINUTES,24.0
Walcott,ARS,7.0,1260,11.0,3,,,0.0,0,,4,65,,19.38,9.29,FWD,https://www.fantasyfootballscout.co.uk/fantasy-premier-league-forwards,False,Walcott,CLEAN_POSITIVE_MINUTES,4.0
Eduardo,ARS,8.5,961,12.0,5,,,3.0,0,,5,61,,15.75,7.18,FWD,https://www.fantasyfootballscout.co.uk/fantasy-premier-league-forwards,False,Eduardo,CLEAN_POSITIVE_MINUTES,4.0
Bendtner,ARS,5.5,945,9.0,3,,,1.0,1,,4,63,,15.0,11.45,FWD,https://www.fantasyfootballscout.co.uk/fantasy-premier-league-forwards,False,Bendtner,CLEAN_POSITIVE_MINUTES,5.0
Vela*,ARS,6.5,0,21.0,4,,,6.0,0,,0,0,,90.0,0.0,FWD,https://www.fantasyfootballscout.co.uk/fantasy-premier-league-forwards,True,Vela,EXCLUDE_ZERO_OR_OUTSIDE_PL,3.0
Agbonlahor,AVL,8.0,3278,37.0,8,,,4.0,0,,21,158,,20.75,19.75,FWD,https://www.fantasyfootballscout.co.uk/fantasy-premier-league-forwards,False,Agbonlahor,CLEAN_POSITIVE_MINUTES,11.0
Harewood,AVL,5.0,521,4.0,0,,,2.0,0,,0,42,,12.4,8.4,FWD,https://www.fantasyfootballscout.co.uk/fantasy-premier-league-forwards,False,Harewood,CLEAN_POSITIVE_MINUTES,5.0
Carew,AVL,7.5,2546,30.0,3,,,5.0,0,,19,136,,18.72,18.13,FWD,https://www.fantasyfootballscout.co.uk/fantasy-premier-league-forwards,False,Carew,CLEAN_POSITIVE_MINUTES,13.0
Rigters,BLA,5.0,16,0.0,0,,,0.0,0,,0,2,,8.0,0.4,FWD,https://www.fantasyfootballscout.co.uk/fantasy-premier-league-forwards,False,Rigters,CLEAN_POSITIVE_MINUTES,0.0
McCarthy,BLA,7.5,1680,22.0,1,,,1.0,0,,3,82,,20.49,10.93,FWD,https://www.fantasyfootballscout.co.uk/fantasy-premier-league-forwards,False,McCarthy,CLEAN_POSITIVE_MINUTES,8.0
Santa Cruz,BLA,9.0,3187,36.0,7,,,3.0,0,,16,182,,17.51,20.22,FWD,https://www.fantasyfootballscout.co.uk/fantasy-premier-league-forwards,False,Santa Cruz,CLEAN_POSITIVE_MINUTES,19.0
Roberts,BLA,6.5,1264,12.0,6,,,2.0,0,,1,67,,18.87,10.31,FWD,https://www.fantasyfootballscout.co.uk/fantasy-premier-league-forwards,False,Roberts,CLEAN_POSITIVE_MINUTES,3.0
Derbyshire,BLA,5.5,621,4.0,2,,,1.0,0,,0,42,,14.79,7.64,FWD,https://www.fantasyfootballscout.co.uk/fantasy-premier-league-forwards,False,Derbyshire,CLEAN_POSITIVE_MINUTES,3.0
Davies,BOL,6.0,2640,31.0,4,,,10.0,0,,15,89,,29.66,14.83,FWD,https://www.fantasyfootballscout.co.uk/fantasy-premier-league-forwards,False,Davies,CLEAN_POSITIVE_MINUTES,3.0
Vaz Te,BOL,5.0,45,1.0,0,,,0.0,0,,0,1,,45.0,0.2,FWD,https://www.fantasyfootballscout.co.uk/fantasy-premier-league-forwards,False,Vaz Te,CLEAN_POSITIVE_MINUTES,0.0
Elmander*,BOL,7.0,0,32.0,4,,,7.0,0,,0,0,,90.0,0.0,FWD,https://www.fantasyfootballscout.co.uk/fantasy-premier-league-forwards,True,Elmander,EXCLUDE_ZERO_OR_OUTSIDE_PL,11.0
Helguson,BOL,5.5,273,3.0,0,,,1.0,0,,0,16,,17.06,2.91,FWD,https://www.fantasyfootballscout.co.uk/fantasy-premier-league-forwards,False,Helguson,CLEAN_POSITIVE_MINUTES,2.0
Schevchenko,CHE,8.0,745,9.0,1,,,0.0,0,,8,54,,13.8,6.75,FWD,https://www.fantasyfootballscout.co.uk/fantasy-premier-league-forwards,False,Schevchenko,CLEAN_POSITIVE_MINUTES,5.0
Pizzaro,CHE,7.0,693,8.0,1,,,1.0,0,,1,36,,19.25,5.14,FWD,https://www.fantasyfootballscout.co.uk/fantasy-premier-league-forwards,False,Pizzaro,CLEAN_POSITIVE_MINUTES,2.0
Drogba,CHE,11.0,1525,17.0,6,,,5.0,1,,9,87,,17.53,7.91,FWD,https://www.fantasyfootballscout.co.uk/fantasy-premier-league-forwards,False,Drogba,CLEAN_POSITIVE_MINUTES,8.0
Anelka,CHE,9.5,2575,28.0,8,,,1.0,0,,11,136,,18.93,14.32,FWD,https://www.fantasyfootballscout.co.uk/fantasy-premier-league-forwards,False,Anelka,CLEAN_POSITIVE_MINUTES,11.0
Yakubu,EVE,8.0,2303,28.0,3,,,2.0,0,,12,137,,16.81,17.13,FWD,https://www.fantasyfootballscout.co.uk/fantasy-premier-league-forwards,False,Yakubu,CLEAN_POSITIVE_MINUTES,15.0
Vaughan,EVE,5.5,145,1.0,0,,,0.0,0,,2,14,,10.36,2.55,FWD,https://www.fantasyfootballscout.co.uk/fantasy-premier-league-forwards,False,Vaughan,CLEAN_POSITIVE_MINUTES,1.0
Anichebe,EVE,5.5,1081,11.0,1,,,1.0,0,,0,42,,25.74,7.64,FWD,https://www.fantasyfootballscout.co.uk/fantasy-premier-league-forwards,False,Anichebe,CLEAN_POSITIVE_MINUTES,1.0
Johnson,FUL,7.0,1844,20.0,4,,,1.0,0,,4,87,,21.2,12.43,FWD,https://www.fantasyfootballscout.co.uk/fantasy-premier-league-forwards,False,Johnson,CLEAN_POSITIVE_MINUTES,6.0
Kamara,FUL,5.5,1612,19.0,2,,,6.0,0,,6,71,,22.7,12.91,FWD,https://www.fantasyfootballscout.co.uk/fantasy-premier-league-forwards,False,Kamara,CLEAN_POSITIVE_MINUTES,5.0
Neveland,FUL,5.0,219,2.0,0,,,1.0,0,,0,17,,12.88,3.4,FWD,https://www.fantasyfootballscout.co.uk/fantasy-premier-league-forwards,False,Neveland,CLEAN_POSITIVE_MINUTES,2.0
Bouazza,FUL,5.5,1188,15.0,2,,,1.0,1,,0,38,,31.26,6.91,FWD,https://www.fantasyfootballscout.co.uk/fantasy-premier-league-forwards,False,Bouazza,CLEAN_POSITIVE_MINUTES,1.0
Healy,FUL,5.5,1361,15.0,0,,,3.0,0,,0,57,,23.88,10.36,FWD,https://www.fantasyfootballscout.co.uk/fantasy-premier-league-forwards,False,Healy,CLEAN_POSITIVE_MINUTES,4.0
Johnson,FUL,5.0,385,4.0,0,,,0.0,0,,1,11,,35.0,2.2,FWD,https://www.fantasyfootballscout.co.uk/fantasy-premier-league-forwards,False,Johnson,CLEAN_POSITIVE_MINUTES,0.0
Zamora,FULL,5.5,909,11.0,2,,,1.0,0,,2,34,,26.74,6.18,FWD,https://www.fantasyfootballscout.co.uk/fantasy-premier-league-forwards,False,Zamora,CLEAN_POSITIVE_MINUTES,1.0
Folan*,HUL,5.0,0,18.0,2,,,4.0,1,,0,0,,90.0,0.0,FWD,https://www.fantasyfootballscout.co.uk/fantasy-premier-league-forwards,True,Folan,EXCLUDE_ZERO_OR_OUTSIDE_PL,9.0
Windass*,HUL,5.0,0,31.0,7,,,6.0,0,,0,0,,90.0,0.0,FWD,https://www.fantasyfootballscout.co.uk/fantasy-premier-league-forwards,True,Windass,EXCLUDE_ZERO_OR_OUTSIDE_PL,12.0
Fagan,HUL,5.0,0,21.0,1,,,2.0,0,,0,35,,90.0,7.0,FWD,https://www.fantasyfootballscout.co.uk/fantasy-premier-league-forwards,False,Fagan,EXCLUDE_ZERO_OR_OUTSIDE_PL,0.0
Keane,LIV,9.0,2714,33.0,7,,,1.0,1,,22,162,,16.75,18.0,FWD,https://www.fantasyfootballscout.co.uk/fantasy-premier-league-forwards,False,Keane,CLEAN_POSITIVE_MINUTES,15.0
N’Gog,LIV,5.5,0,0.0,0,,,0.0,0,,0,0,,0.0,0.0,FWD,https://www.fantasyfootballscout.co.uk/fantasy-premier-league-forwards,False,N’Gog,EXCLUDE_ZERO_OR_OUTSIDE_PL,0.0
Torres,LIV,12.0,2533,29.0,4,,,5.0,0,,29,193,,13.12,16.08,FWD,https://www.fantasyfootballscout.co.uk/fantasy-premier-league-forwards,False,Torres,CLEAN_POSITIVE_MINUTES,24.0
Voronin,LIV,7.0,1121,13.0,2,,,2.0,0,,0,56,,20.02,8.0,FWD,https://www.fantasyfootballscout.co.uk/fantasy-premier-league-forwards,False,Voronin,CLEAN_POSITIVE_MINUTES,5.0
Evans,MCY,5.0,0,0.0,0,,,0.0,0,,0,0,,90.0,0.0,FWD,https://www.fantasyfootballscout.co.uk/fantasy-premier-league-forwards,False,Evans,EXCLUDE_ZERO_OR_OUTSIDE_PL,0.0
Vassell,MCY,6.5,1767,22.0,3,,,2.0,0,,3,78,,22.65,12.0,FWD,https://www.fantasyfootballscout.co.uk/fantasy-premier-league-forwards,False,Vassell,CLEAN_POSITIVE_MINUTES,6.0
Benjani,MCY,7.0,2897,33.0,3,,,1.0,0,,15,150,,19.31,21.43,FWD,https://www.fantasyfootballscout.co.uk/fantasy-premier-league-forwards,False,Benjani,CLEAN_POSITIVE_MINUTES,15.0
Caicedo,MCY,5.5,222,0.0,0,,,1.0,0,,0,9,,24.67,1.64,FWD,https://www.fantasyfootballscout.co.uk/fantasy-premier-league-forwards,False,Caicedo,CLEAN_POSITIVE_MINUTES,0.0
Bojinov,MCY,6.0,50,0.0,0,,,0.0,0,,0,3,,16.67,0.5,FWD,https://www.fantasyfootballscout.co.uk/fantasy-premier-league-forwards,False,Bojinov,CLEAN_POSITIVE_MINUTES,0.0
Jo*,MCY,8.0,0,0.0,0,,,0.0,0,,0,0,,90.0,0.0,FWD,https://www.fantasyfootballscout.co.uk/fantasy-premier-league-forwards,True,Jo,EXCLUDE_ZERO_OR_OUTSIDE_PL,0.0
Bianchi,MCY,6.0,768,7.0,1,,,0.0,0,,6,51,,15.06,8.5,FWD,https://www.fantasyfootballscout.co.uk/fantasy-premier-league-forwards,False,Bianchi,CLEAN_POSITIVE_MINUTES,4.0
Sturridge,MCY,5.0,150,2.0,1,,,0.0,0,,0,11,,13.64,2.2,FWD,https://www.fantasyfootballscout.co.uk/fantasy-premier-league-forwards,False,Sturridge,CLEAN_POSITIVE_MINUTES,1.0
Tuncay,MID,7.0,2212,27.0,4,,,5.0,0,,13,111,,19.93,15.86,FWD,https://www.fantasyfootballscout.co.uk/fantasy-premier-league-forwards,False,Tuncay,CLEAN_POSITIVE_MINUTES,8.0
Alves,MID,7.5,651,7.0,2,,,0.0,0,,6,54,,12.06,7.2,FWD,https://www.fantasyfootballscout.co.uk/fantasy-premier-league-forwards,False,Alves,CLEAN_POSITIVE_MINUTES,6.0
Mido,MID,6.5,746,9.0,0,,,4.0,1,,4,24,,31.08,3.69,FWD,https://www.fantasyfootballscout.co.uk/fantasy-premier-league-forwards,False,Mido,CLEAN_POSITIVE_MINUTES,2.0
Aliadiere,MID,6.0,2152,26.0,7,,,2.0,1,,4,92,,23.39,15.33,FWD,https://www.fantasyfootballscout.co.uk/fantasy-premier-league-forwards,False,Aliadiere,CLEAN_POSITIVE_MINUTES,5.0
Emnes*,MID,6.0,0,29.0,0,,,0.0,0,,0,0,,90.0,0.0,FWD,https://www.fantasyfootballscout.co.uk/fantasy-premier-league-forwards,True,Emnes,EXCLUDE_ZERO_OR_OUTSIDE_PL,8.0
Saha,MU,7.5,741,7.0,0,,,0.0,0,,2,45,,16.47,6.0,FWD,https://www.fantasyfootballscout.co.uk/fantasy-premier-league-forwards,False,Saha,CLEAN_POSITIVE_MINUTES,5.0
Rooney,MU,11.0,2181,25.0,13,,,8.0,0,,20,148,,14.74,13.45,FWD,https://www.fantasyfootballscout.co.uk/fantasy-premier-league-forwards,False,Rooney,CLEAN_POSITIVE_MINUTES,12.0
Campbell*,MU,5.5,18,34.0,5,,,0.0,0,,0,0,,90.0,0.0,FWD,https://www.fantasyfootballscout.co.uk/fantasy-premier-league-forwards,True,Campbell,EXCLUDE_ZERO_OR_OUTSIDE_PL,14.0
Tevez,MU,10.0,2677,31.0,6,,,1.0,0,,23,161,,16.63,16.1,FWD,https://www.fantasyfootballscout.co.uk/fantasy-premier-league-forwards,False,Tevez,CLEAN_POSITIVE_MINUTES,14.0
Martins,NEW,7.0,2051,27.0,4,,,1.0,0,,7,106,,19.35,15.14,FWD,https://www.fantasyfootballscout.co.uk/fantasy-premier-league-forwards,False,Martins,CLEAN_POSITIVE_MINUTES,9.0
Owen,NEW,8.5,2175,25.0,1,,,2.0,0,,3,99,,21.97,11.65,FWD,https://www.fantasyfootballscout.co.uk/fantasy-premier-league-forwards,False,Owen,CLEAN_POSITIVE_MINUTES,11.0
Carroll,NEW,5.0,141,1.0,1,,,0.0,0,,0,6,,23.5,1.2,FWD,https://www.fantasyfootballscout.co.uk/fantasy-premier-league-forwards,False,Carroll,CLEAN_POSITIVE_MINUTES,0.0
Viduka,NEW,7.5,1658,20.0,1,,,0.0,0,,12,87,,19.06,11.6,FWD,https://www.fantasyfootballscout.co.uk/fantasy-premier-league-forwards,False,Viduka,CLEAN_POSITIVE_MINUTES,7.0
Ameobi,NEW,5.5,276,3.0,0,,,0.0,0,,0,8,,34.5,1.45,FWD,https://www.fantasyfootballscout.co.uk/fantasy-premier-league-forwards,False,Ameobi,CLEAN_POSITIVE_MINUTES,0.0
Crouch,POR,8.0,929,10.0,3,,,0.0,0,,5,64,,14.52,8.0,FWD,https://www.fantasyfootballscout.co.uk/fantasy-premier-league-forwards,False,Crouch,CLEAN_POSITIVE_MINUTES,5.0
Nugent,POR,5.5,625,5.0,1,,,0.0,0,,0,23,,27.17,4.18,FWD,https://www.fantasyfootballscout.co.uk/fantasy-premier-league-forwards,False,Nugent,CLEAN_POSITIVE_MINUTES,0.0
Utaka,POR,6.0,2015,25.0,3,,,1.0,0,,5,83,,24.28,13.83,FWD,https://www.fantasyfootballscout.co.uk/fantasy-premier-league-forwards,False,Utaka,CLEAN_POSITIVE_MINUTES,5.0
Kanu,POR,6.0,1379,16.0,4,,,1.0,0,,8,71,,19.42,11.83,FWD,https://www.fantasyfootballscout.co.uk/fantasy-premier-league-forwards,False,Kanu,CLEAN_POSITIVE_MINUTES,4.0
Defoe,POR,8.0,1605,16.0,3,,,5.0,0,,9,104,,15.43,13.0,FWD,https://www.fantasyfootballscout.co.uk/fantasy-premier-league-forwards,False,Defoe,CLEAN_POSITIVE_MINUTES,12.0
Sahar*,POR,5.5,0,14.0,1,,,1.0,0,,0,0,,90.0,0.0,FWD,https://www.fantasyfootballscout.co.uk/fantasy-premier-league-forwards,True,Sahar,EXCLUDE_ZERO_OR_OUTSIDE_PL,3.0
Fuller*,STK,5.5,0,39.0,5,,,11.0,0,,0,0,,90.0,0.0,FWD,https://www.fantasyfootballscout.co.uk/fantasy-premier-league-forwards,True,Fuller,EXCLUDE_ZERO_OR_OUTSIDE_PL,15.0
Perricard*,STK,5.0,0,2.0,0,,,0.0,0,,0,0,,90.0,0.0,FWD,https://www.fantasyfootballscout.co.uk/fantasy-premier-league-forwards,True,Perricard,EXCLUDE_ZERO_OR_OUTSIDE_PL,0.0
Cresswell*,STK,5.0,0,42.0,0,,,10.0,0,,0,0,,90.0,0.0,FWD,https://www.fantasyfootballscout.co.uk/fantasy-premier-league-forwards,True,Cresswell,EXCLUDE_ZERO_OR_OUTSIDE_PL,11.0
Sidibe*,STK,5.0,0,33.0,5,,,1.0,0,,0,0,,90.0,0.0,FWD,https://www.fantasyfootballscout.co.uk/fantasy-premier-league-forwards,True,Sidibe,EXCLUDE_ZERO_OR_OUTSIDE_PL,4.0
Kitson,STK,5.5,2522,28.0,3,,,2.0,1,,8,114,,22.12,20.73,FWD,https://www.fantasyfootballscout.co.uk/fantasy-premier-league-forwards,False,Kitson,CLEAN_POSITIVE_MINUTES,10.0
Murphy,SUN,5.5,1804,20.0,3,,,2.0,0,,5,71,,25.41,12.91,FWD,https://www.fantasyfootballscout.co.uk/fantasy-premier-league-forwards,False,Murphy,CLEAN_POSITIVE_MINUTES,3.0
Diouf,SUN,6.5,2639,32.0,7,,,11.0,0,,20,109,,24.21,16.77,FWD,https://www.fantasyfootballscout.co.uk/fantasy-premier-league-forwards,False,Diouf,CLEAN_POSITIVE_MINUTES,4.0
Chopra,SUN,5.5,2008,25.0,1,,,7.0,0,,0,73,,27.51,13.27,FWD,https://www.fantasyfootballscout.co.uk/fantasy-premier-league-forwards,False,Chopra,CLEAN_POSITIVE_MINUTES,6.0
Prica,SUN,5.0,210,3.0,0,,,1.0,0,,2,12,,17.5,2.4,FWD,https://www.fantasyfootballscout.co.uk/fantasy-premier-league-forwards,False,Prica,CLEAN_POSITIVE_MINUTES,1.0
Jones,SUN,7.0,2818,33.0,10,,,2.0,0,,18,138,,20.42,19.71,FWD,https://www.fantasyfootballscout.co.uk/fantasy-premier-league-forwards,False,Jones,CLEAN_POSITIVE_MINUTES,7.0
Stokes,SUN,5.0,746,9.0,0,,,1.0,0,,1,29,,25.72,5.8,FWD,https://www.fantasyfootballscout.co.uk/fantasy-premier-league-forwards,False,Stokes,CLEAN_POSITIVE_MINUTES,1.0
Waghorn,SUN,5.0,107,1.0,0,,,0.0,0,,0,4,,26.75,0.8,FWD,https://www.fantasyfootballscout.co.uk/fantasy-premier-league-forwards,False,Waghorn,CLEAN_POSITIVE_MINUTES,0.0
Giovani*,TOT,7.0,0,10.0,4,,,2.0,0,,0,0,,90.0,0.0,FWD,https://www.fantasyfootballscout.co.uk/fantasy-premier-league-forwards,True,Giovani,EXCLUDE_ZERO_OR_OUTSIDE_PL,3.0
Bent,TOT,7.5,1148,11.0,5,,,0.0,0,,6,80,,14.35,10.67,FWD,https://www.fantasyfootballscout.co.uk/fantasy-premier-league-forwards,False,Bent,CLEAN_POSITIVE_MINUTES,6.0
Berbatov,TOT,9.5,2989,33.0,11,,,3.0,0,,18,177,,16.89,18.63,FWD,https://www.fantasyfootballscout.co.uk/fantasy-premier-league-forwards,False,Berbatov,CLEAN_POSITIVE_MINUTES,15.0
Beattie*,WBA,5.0,0,6.0,0,,,0.0,0,,0,0,,90.0,0.0,FWD,https://www.fantasyfootballscout.co.uk/fantasy-premier-league-forwards,True,Beattie,EXCLUDE_ZERO_OR_OUTSIDE_PL,3.0
Bednar*,WBA,5.5,0,18.0,1,,,2.0,0,,0,0,,90.0,0.0,FWD,https://www.fantasyfootballscout.co.uk/fantasy-premier-league-forwards,True,Bednar,EXCLUDE_ZERO_OR_OUTSIDE_PL,12.0
Moore,WBA,5.0,842,14.0,0,,,1.0,0,,0,26,,32.38,5.2,FWD,https://www.fantasyfootballscout.co.uk/fantasy-premier-league-forwards,False,Moore,CLEAN_POSITIVE_MINUTES,1.0
Miller*,WBA,5.0,0,24.0,8,,,5.0,0,,0,0,,90.0,0.0,FWD,https://www.fantasyfootballscout.co.uk/fantasy-premier-league-forwards,True,Miller,EXCLUDE_ZERO_OR_OUTSIDE_PL,9.0
Sears,WHM,5.0,215,1.0,0,,,0.0,0,,0,12,,17.92,2.4,FWD,https://www.fantasyfootballscout.co.uk/fantasy-premier-league-forwards,False,Sears,CLEAN_POSITIVE_MINUTES,1.0
Camara,WhM,5.0,340,3.0,0,,,1.0,0,,0,14,,24.29,2.8,FWD,https://www.fantasyfootballscout.co.uk/fantasy-premier-league-forwards,False,Camara,CLEAN_POSITIVE_MINUTES,1.0
Bellamy,WHM,6.5,527,6.0,2,,,2.0,0,,6,31,,17.0,4.77,FWD,https://www.fantasyfootballscout.co.uk/fantasy-premier-league-forwards,False,Bellamy,CLEAN_POSITIVE_MINUTES,2.0
Ashton,WHM,6.5,2001,22.0,0,,,0.0,0,,10,100,,20.01,15.38,FWD,https://www.fantasyfootballscout.co.uk/fantasy-premier-league-forwards,False,Ashton,CLEAN_POSITIVE_MINUTES,10.0
Cole,WhM,5.5,1892,23.0,9,,,9.0,0,,9,95,,19.92,17.27,FWD,https://www.fantasyfootballscout.co.uk/fantasy-premier-league-forwards,False,Cole,CLEAN_POSITIVE_MINUTES,4.0
King,WIG,6.0,668,8.0,0,,,1.0,0,,0,24,,27.83,4.0,FWD,https://www.fantasyfootballscout.co.uk/fantasy-premier-league-forwards,False,King,CLEAN_POSITIVE_MINUTES,1.0
Heskey,WIG,6.5,2072,25.0,5,,,6.0,0,,10,84,,24.67,12.92,FWD,https://www.fantasyfootballscout.co.uk/fantasy-premier-league-forwards,False,Heskey,CLEAN_POSITIVE_MINUTES,4.0
Zaki*,WIG,6.0,0,0.0,0,,,0.0,0,,0,0,,0.0,0.0,FWD,https://www.fantasyfootballscout.co.uk/fantasy-premier-league-forwards,True,Zaki,EXCLUDE_ZERO_OR_OUTSIDE_PL,0.0
