launch_position,launch_player,launch_team,points_2006_07,start_price_m,launch_source_url
GK,Cech,Chelsea,98,6.5,https://web.archive.org/web/20070810212948id_/http://fantasy.premierleague.com/playerlist.html
GK,Reina,Liverpool,150,6.5,https://web.archive.org/web/20070810212948id_/http://fantasy.premierleague.com/playerlist.html
GK,Van der Sar,Man. United,130,6.0,https://web.archive.org/web/20070810212948id_/http://fantasy.premierleague.com/playerlist.html
GK,Lehmann,Arsenal,117,5.5,https://web.archive.org/web/20070810212948id_/http://fantasy.premierleague.com/playerlist.html
GK,Carson,Aston Villa,139,5.5,https://web.archive.org/web/20070810212948id_/http://fantasy.premierleague.com/playerlist.html
GK,Friedel,Blackburn,162,5.5,https://web.archive.org/web/20070810212948id_/http://fantasy.premierleague.com/playerlist.html
GK,Cudicini,Chelsea,40,5.5,https://web.archive.org/web/20070810212948id_/http://fantasy.premierleague.com/playerlist.html
GK,Almunia,Arsenal,6,5.0,https://web.archive.org/web/20070810212948id_/http://fantasy.premierleague.com/playerlist.html
GK,Fabianski,Arsenal,0,5.0,https://web.archive.org/web/20070810212948id_/http://fantasy.premierleague.com/playerlist.html
GK,Jaaskelainen,Bolton,146,5.0,https://web.archive.org/web/20070810212948id_/http://fantasy.premierleague.com/playerlist.html
GK,Hilario,Chelsea,40,5.0,https://web.archive.org/web/20070810212948id_/http://fantasy.premierleague.com/playerlist.html
GK,Howard,Everton,164,5.0,https://web.archive.org/web/20070810212948id_/http://fantasy.premierleague.com/playerlist.html
GK,Foster,Man. United,109,5.0,https://web.archive.org/web/20070810212948id_/http://fantasy.premierleague.com/playerlist.html
GK,Given,Newcastle,64,5.0,https://web.archive.org/web/20070810212948id_/http://fantasy.premierleague.com/playerlist.html
GK,James,Portsmouth,173,5.0,https://web.archive.org/web/20070810212948id_/http://fantasy.premierleague.com/playerlist.html
GK,Robinson,Tottenham,117,5.0,https://web.archive.org/web/20070810212948id_/http://fantasy.premierleague.com/playerlist.html
GK,Sorensen,Aston Villa,119,4.5,https://web.archive.org/web/20070810212948id_/http://fantasy.premierleague.com/playerlist.html
GK,Brown,Blackburn,7,4.5,https://web.archive.org/web/20070810212948id_/http://fantasy.premierleague.com/playerlist.html
GK,Walker,Bolton,0,4.5,https://web.archive.org/web/20070810212948id_/http://fantasy.premierleague.com/playerlist.html
GK,Isaksson,Man. City,47,4.5,https://web.archive.org/web/20070810212948id_/http://fantasy.premierleague.com/playerlist.html
GK,Kuszczak,Man. United,35,4.5,https://web.archive.org/web/20070810212948id_/http://fantasy.premierleague.com/playerlist.html
GK,Schwarzer,Middlesbrough,115,4.5,https://web.archive.org/web/20070810212948id_/http://fantasy.premierleague.com/playerlist.html
GK,Harper,Newcastle,56,4.5,https://web.archive.org/web/20070810212948id_/http://fantasy.premierleague.com/playerlist.html
GK,Hahnemann,Reading,151,4.5,https://web.archive.org/web/20070810212948id_/http://fantasy.premierleague.com/playerlist.html
GK,Alnwick,Tottenham,0,4.5,https://web.archive.org/web/20070810212948id_/http://fantasy.premierleague.com/playerlist.html
GK,Green,West Ham,99,4.5,https://web.archive.org/web/20070810212948id_/http://fantasy.premierleague.com/playerlist.html
GK,Taylor,Aston Villa,12,4.0,https://web.archive.org/web/20070810212948id_/http://fantasy.premierleague.com/playerlist.html
GK,Taylor,Birmingham,0,4.0,https://web.archive.org/web/20070810212948id_/http://fantasy.premierleague.com/playerlist.html
GK,Doyle,Birmingham,0,4.0,https://web.archive.org/web/20070810212948id_/http://fantasy.premierleague.com/playerlist.html
GK,Kingson,Birmingham,0,4.0,https://web.archive.org/web/20070810212948id_/http://fantasy.premierleague.com/playerlist.html
GK,Enckelman,Blackburn,0,4.0,https://web.archive.org/web/20070810212948id_/http://fantasy.premierleague.com/playerlist.html
GK,Al-Habsi,Bolton,0,4.0,https://web.archive.org/web/20070810212948id_/http://fantasy.premierleague.com/playerlist.html
GK,Bywater,Derby,0,4.0,https://web.archive.org/web/20070810212948id_/http://fantasy.premierleague.com/playerlist.html
GK,Price,Derby,0,4.0,https://web.archive.org/web/20070810212948id_/http://fantasy.premierleague.com/playerlist.html
GK,Turner,Everton,2,4.0,https://web.archive.org/web/20070810212948id_/http://fantasy.premierleague.com/playerlist.html
GK,Batista,Fulham,0,4.0,https://web.archive.org/web/20070810212948id_/http://fantasy.premierleague.com/playerlist.html
GK,Niemi,Fulham,102,4.0,https://web.archive.org/web/20070810212948id_/http://fantasy.premierleague.com/playerlist.html
GK,Warner,Fulham,0,4.0,https://web.archive.org/web/20070810212948id_/http://fantasy.premierleague.com/playerlist.html
GK,Hart,Man. City,7,4.0,https://web.archive.org/web/20070810212948id_/http://fantasy.premierleague.com/playerlist.html
GK,Schmeichel,Man. City,0,4.0,https://web.archive.org/web/20070810212948id_/http://fantasy.premierleague.com/playerlist.html
GK,Jones,Middlesbrough,10,4.0,https://web.archive.org/web/20070810212948id_/http://fantasy.premierleague.com/playerlist.html
GK,Ashdown,Portsmouth,0,4.0,https://web.archive.org/web/20070810212948id_/http://fantasy.premierleague.com/playerlist.html
GK,Jordan,Portsmouth,0,4.0,https://web.archive.org/web/20070810212948id_/http://fantasy.premierleague.com/playerlist.html
GK,Federici,Reading,2,4.0,https://web.archive.org/web/20070810212948id_/http://fantasy.premierleague.com/playerlist.html
GK,Gordon,Sunderland,0,4.0,https://web.archive.org/web/20070810212948id_/http://fantasy.premierleague.com/playerlist.html
GK,Ward,Sunderland,0,4.0,https://web.archive.org/web/20070810212948id_/http://fantasy.premierleague.com/playerlist.html
GK,Fulop,Sunderland,0,4.0,https://web.archive.org/web/20070810212948id_/http://fantasy.premierleague.com/playerlist.html
GK,Cerny,Tottenham,0,4.0,https://web.archive.org/web/20070810212948id_/http://fantasy.premierleague.com/playerlist.html
GK,Wright,West Ham,1,4.0,https://web.archive.org/web/20070810212948id_/http://fantasy.premierleague.com/playerlist.html
GK,Nash,Wigan,0,4.0,https://web.archive.org/web/20070810212948id_/http://fantasy.premierleague.com/playerlist.html
GK,Pollitt,Wigan,6,4.0,https://web.archive.org/web/20070810212948id_/http://fantasy.premierleague.com/playerlist.html
GK,Kirkland,Wigan,95,4.0,https://web.archive.org/web/20070810212948id_/http://fantasy.premierleague.com/playerlist.html
DEF,Terry,Chelsea,139,7.5,https://web.archive.org/web/20070810212948id_/http://fantasy.premierleague.com/playerlist.html
DEF,Carvalho,Chelsea,145,7.0,https://web.archive.org/web/20070810212948id_/http://fantasy.premierleague.com/playerlist.html
DEF,Agger,Liverpool,131,7.0,https://web.archive.org/web/20070810212948id_/http://fantasy.premierleague.com/playerlist.html
DEF,Carragher,Liverpool,163,7.0,https://web.archive.org/web/20070810212948id_/http://fantasy.premierleague.com/playerlist.html
DEF,Riise,Liverpool,89,7.0,https://web.archive.org/web/20070810212948id_/http://fantasy.premierleague.com/playerlist.html
DEF,Vidic,Man. United,106,7.0,https://web.archive.org/web/20070810212948id_/http://fantasy.premierleague.com/playerlist.html
DEF,Eboue,Arsenal,84,6.5,https://web.archive.org/web/20070810212948id_/http://fantasy.premierleague.com/playerlist.html
DEF,Toure,Arsenal,131,6.5,https://web.archive.org/web/20070810212948id_/http://fantasy.premierleague.com/playerlist.html
DEF,Gallas,Arsenal,83,6.5,https://web.archive.org/web/20070810212948id_/http://fantasy.premierleague.com/playerlist.html
DEF,Cole A,Chelsea,79,6.5,https://web.archive.org/web/20070810212948id_/http://fantasy.premierleague.com/playerlist.html
DEF,Arbeloa,Liverpool,37,6.5,https://web.archive.org/web/20070810212948id_/http://fantasy.premierleague.com/playerlist.html
DEF,Finnan,Liverpool,143,6.5,https://web.archive.org/web/20070810212948id_/http://fantasy.premierleague.com/playerlist.html
DEF,Aurelio,Liverpool,54,6.5,https://web.archive.org/web/20070810212948id_/http://fantasy.premierleague.com/playerlist.html
DEF,Evra,Man. United,111,6.5,https://web.archive.org/web/20070810212948id_/http://fantasy.premierleague.com/playerlist.html
DEF,Ferdinand,Man. United,126,6.5,https://web.archive.org/web/20070810212948id_/http://fantasy.premierleague.com/playerlist.html
DEF,Clichy,Arsenal,80,6.0,https://web.archive.org/web/20070810212948id_/http://fantasy.premierleague.com/playerlist.html
DEF,Sagna,Arsenal,0,6.0,https://web.archive.org/web/20070810212948id_/http://fantasy.premierleague.com/playerlist.html
DEF,Ferreira,Chelsea,73,6.0,https://web.archive.org/web/20070810212948id_/http://fantasy.premierleague.com/playerlist.html
DEF,Bridge,Chelsea,95,6.0,https://web.archive.org/web/20070810212948id_/http://fantasy.premierleague.com/playerlist.html
DEF,Johnson,Chelsea,92,6.0,https://web.archive.org/web/20070810212948id_/http://fantasy.premierleague.com/playerlist.html
DEF,Ben Haim,Chelsea,84,6.0,https://web.archive.org/web/20070810212948id_/http://fantasy.premierleague.com/playerlist.html
DEF,Lescott,Everton,164,6.0,https://web.archive.org/web/20070810212948id_/http://fantasy.premierleague.com/playerlist.html
DEF,Hyypia,Liverpool,106,6.0,https://web.archive.org/web/20070810212948id_/http://fantasy.premierleague.com/playerlist.html
DEF,Neville,Man. United,100,6.0,https://web.archive.org/web/20070810212948id_/http://fantasy.premierleague.com/playerlist.html
DEF,Chimbonda,Tottenham,90,6.0,https://web.archive.org/web/20070810212948id_/http://fantasy.premierleague.com/playerlist.html
DEF,Bale,Tottenham,0,6.0,https://web.archive.org/web/20070810212948id_/http://fantasy.premierleague.com/playerlist.html
DEF,Senderos,Arsenal,25,5.5,https://web.archive.org/web/20070810212948id_/http://fantasy.premierleague.com/playerlist.html
DEF,Samba,Blackburn,41,5.5,https://web.archive.org/web/20070810212948id_/http://fantasy.premierleague.com/playerlist.html
DEF,Warnock,Blackburn,36,5.5,https://web.archive.org/web/20070810212948id_/http://fantasy.premierleague.com/playerlist.html
DEF,Emerton,Blackburn,82,5.5,https://web.archive.org/web/20070810212948id_/http://fantasy.premierleague.com/playerlist.html
DEF,Yobo,Everton,139,5.5,https://web.archive.org/web/20070810212948id_/http://fantasy.premierleague.com/playerlist.html
DEF,Neville,Everton,108,5.5,https://web.archive.org/web/20070810212948id_/http://fantasy.premierleague.com/playerlist.html
DEF,Jagielka,Everton,121,5.5,https://web.archive.org/web/20070810212948id_/http://fantasy.premierleague.com/playerlist.html
DEF,Paletta,Liverpool,4,5.5,https://web.archive.org/web/20070810212948id_/http://fantasy.premierleague.com/playerlist.html
DEF,Dunne,Man. City,151,5.5,https://web.archive.org/web/20070810212948id_/http://fantasy.premierleague.com/playerlist.html
DEF,Corluka,Man. City,0,5.5,https://web.archive.org/web/20070810212948id_/http://fantasy.premierleague.com/playerlist.html
DEF,Heinze,Man. United,49,5.5,https://web.archive.org/web/20070810212948id_/http://fantasy.premierleague.com/playerlist.html
DEF,Silvestre,Man. United,35,5.5,https://web.archive.org/web/20070810212948id_/http://fantasy.premierleague.com/playerlist.html
DEF,Brown,Man. United,61,5.5,https://web.archive.org/web/20070810212948id_/http://fantasy.premierleague.com/playerlist.html
DEF,Woodgate,Middlesbrough,113,5.5,https://web.archive.org/web/20070810212948id_/http://fantasy.premierleague.com/playerlist.html
DEF,Pogatetz,Middlesbrough,115,5.5,https://web.archive.org/web/20070810212948id_/http://fantasy.premierleague.com/playerlist.html
DEF,Geremi,Newcastle,51,5.5,https://web.archive.org/web/20070810212948id_/http://fantasy.premierleague.com/playerlist.html
DEF,Campbell,Portsmouth,136,5.5,https://web.archive.org/web/20070810212948id_/http://fantasy.premierleague.com/playerlist.html
DEF,Distin,Portsmouth,145,5.5,https://web.archive.org/web/20070810212948id_/http://fantasy.premierleague.com/playerlist.html
DEF,Dawson,Tottenham,100,5.5,https://web.archive.org/web/20070810212948id_/http://fantasy.premierleague.com/playerlist.html
DEF,King,Tottenham,61,5.5,https://web.archive.org/web/20070810212948id_/http://fantasy.premierleague.com/playerlist.html
DEF,Hoyte,Arsenal,70,5.0,https://web.archive.org/web/20070810212948id_/http://fantasy.premierleague.com/playerlist.html
DEF,Mellberg,Aston Villa,129,5.0,https://web.archive.org/web/20070810212948id_/http://fantasy.premierleague.com/playerlist.html
DEF,Djourou,Birmingham,66,5.0,https://web.archive.org/web/20070810212948id_/http://fantasy.premierleague.com/playerlist.html
DEF,Queudrue,Birmingham,80,5.0,https://web.archive.org/web/20070810212948id_/http://fantasy.premierleague.com/playerlist.html
DEF,Ooijer,Blackburn,46,5.0,https://web.archive.org/web/20070810212948id_/http://fantasy.premierleague.com/playerlist.html
DEF,Khizanishvili,Blackburn,39,5.0,https://web.archive.org/web/20070810212948id_/http://fantasy.premierleague.com/playerlist.html
DEF,Nelsen,Blackburn,24,5.0,https://web.archive.org/web/20070810212948id_/http://fantasy.premierleague.com/playerlist.html
DEF,Hunt,Bolton,91,5.0,https://web.archive.org/web/20070810212948id_/http://fantasy.premierleague.com/playerlist.html
DEF,Gardner,Bolton,23,5.0,https://web.archive.org/web/20070810212948id_/http://fantasy.premierleague.com/playerlist.html
DEF,Meite,Bolton,101,5.0,https://web.archive.org/web/20070810212948id_/http://fantasy.premierleague.com/playerlist.html
DEF,Faye,Bolton,82,5.0,https://web.archive.org/web/20070810212948id_/http://fantasy.premierleague.com/playerlist.html
DEF,Stubbs,Everton,90,5.0,https://web.archive.org/web/20070810212948id_/http://fantasy.premierleague.com/playerlist.html
DEF,Bocanegra,Fulham,99,5.0,https://web.archive.org/web/20070810212948id_/http://fantasy.premierleague.com/playerlist.html
DEF,Insua,Liverpool,3,5.0,https://web.archive.org/web/20070810212948id_/http://fantasy.premierleague.com/playerlist.html
DEF,Richards,Man. City,94,5.0,https://web.archive.org/web/20070810212948id_/http://fantasy.premierleague.com/playerlist.html
DEF,Huth,Middlesbrough,22,5.0,https://web.archive.org/web/20070810212948id_/http://fantasy.premierleague.com/playerlist.html
DEF,Young,Middlesbrough,84,5.0,https://web.archive.org/web/20070810212948id_/http://fantasy.premierleague.com/playerlist.html
DEF,Cacapa,Newcastle,0,5.0,https://web.archive.org/web/20070810212948id_/http://fantasy.premierleague.com/playerlist.html
DEF,Jose Enrique,Newcastle,0,5.0,https://web.archive.org/web/20070810212948id_/http://fantasy.premierleague.com/playerlist.html
DEF,Babayaro,Newcastle,23,5.0,https://web.archive.org/web/20070810212948id_/http://fantasy.premierleague.com/playerlist.html
DEF,Carr,Newcastle,56,5.0,https://web.archive.org/web/20070810212948id_/http://fantasy.premierleague.com/playerlist.html
DEF,Taylor,Newcastle,93,5.0,https://web.archive.org/web/20070810212948id_/http://fantasy.premierleague.com/playerlist.html
DEF,Rozehnal,Newcastle,0,5.0,https://web.archive.org/web/20070810212948id_/http://fantasy.premierleague.com/playerlist.html
DEF,Lauren,Portsmouth,28,5.0,https://web.archive.org/web/20070810212948id_/http://fantasy.premierleague.com/playerlist.html
DEF,Primus,Portsmouth,134,5.0,https://web.archive.org/web/20070810212948id_/http://fantasy.premierleague.com/playerlist.html
DEF,Hreidarsson,Portsmouth,79,5.0,https://web.archive.org/web/20070810212948id_/http://fantasy.premierleague.com/playerlist.html
DEF,Shorey,Reading,145,5.0,https://web.archive.org/web/20070810212948id_/http://fantasy.premierleague.com/playerlist.html
DEF,Rocha,Tottenham,17,5.0,https://web.archive.org/web/20070810212948id_/http://fantasy.premierleague.com/playerlist.html
DEF,Lee,Tottenham,44,5.0,https://web.archive.org/web/20070810212948id_/http://fantasy.premierleague.com/playerlist.html
DEF,Kaboul,Tottenham,0,5.0,https://web.archive.org/web/20070810212948id_/http://fantasy.premierleague.com/playerlist.html
DEF,Neill,West Ham,96,5.0,https://web.archive.org/web/20070810212948id_/http://fantasy.premierleague.com/playerlist.html
DEF,Bouma,Aston Villa,85,4.5,https://web.archive.org/web/20070810212948id_/http://fantasy.premierleague.com/playerlist.html
DEF,Cahill,Aston Villa,51,4.5,https://web.archive.org/web/20070810212948id_/http://fantasy.premierleague.com/playerlist.html
DEF,Delaney,Aston Villa,0,4.5,https://web.archive.org/web/20070810212948id_/http://fantasy.premierleague.com/playerlist.html
DEF,Laursen,Aston Villa,53,4.5,https://web.archive.org/web/20070810212948id_/http://fantasy.premierleague.com/playerlist.html
DEF,Ridgewell,Birmingham,69,4.5,https://web.archive.org/web/20070810212948id_/http://fantasy.premierleague.com/playerlist.html
DEF,Jaidi,Birmingham,0,4.5,https://web.archive.org/web/20070810212948id_/http://fantasy.premierleague.com/playerlist.html
DEF,Berner,Blackburn,2,4.5,https://web.archive.org/web/20070810212948id_/http://fantasy.premierleague.com/playerlist.html
DEF,Michalik,Bolton,9,4.5,https://web.archive.org/web/20070810212948id_/http://fantasy.premierleague.com/playerlist.html
DEF,Samuel,Bolton,4,4.5,https://web.archive.org/web/20070810212948id_/http://fantasy.premierleague.com/playerlist.html
DEF,Cid,Bolton,0,4.5,https://web.archive.org/web/20070810212948id_/http://fantasy.premierleague.com/playerlist.html
DEF,Todd,Derby,10,4.5,https://web.archive.org/web/20070810212948id_/http://fantasy.premierleague.com/playerlist.html
DEF,Hibbert,Everton,26,4.5,https://web.archive.org/web/20070810212948id_/http://fantasy.premierleague.com/playerlist.html
DEF,Valente,Everton,30,4.5,https://web.archive.org/web/20070810212948id_/http://fantasy.premierleague.com/playerlist.html
DEF,Baines,Everton,95,4.5,https://web.archive.org/web/20070810212948id_/http://fantasy.premierleague.com/playerlist.html
DEF,Konchesky,Fulham,41,4.5,https://web.archive.org/web/20070810212948id_/http://fantasy.premierleague.com/playerlist.html
DEF,Knight,Fulham,63,4.5,https://web.archive.org/web/20070810212948id_/http://fantasy.premierleague.com/playerlist.html
DEF,Rosenior,Fulham,103,4.5,https://web.archive.org/web/20070810212948id_/http://fantasy.premierleague.com/playerlist.html
DEF,Volz,Fulham,76,4.5,https://web.archive.org/web/20070810212948id_/http://fantasy.premierleague.com/playerlist.html
DEF,Baird,Fulham,0,4.5,https://web.archive.org/web/20070810212948id_/http://fantasy.premierleague.com/playerlist.html
DEF,Ball,Man. City,38,4.5,https://web.archive.org/web/20070810212948id_/http://fantasy.premierleague.com/playerlist.html
DEF,Onuoha,Man. City,54,4.5,https://web.archive.org/web/20070810212948id_/http://fantasy.premierleague.com/playerlist.html
DEF,Garrido,Man. City,0,4.5,https://web.archive.org/web/20070810212948id_/http://fantasy.premierleague.com/playerlist.html
DEF,Evans,Man. United,0,4.5,https://web.archive.org/web/20070810212948id_/http://fantasy.premierleague.com/playerlist.html
DEF,Bardsley,Man. United,46,4.5,https://web.archive.org/web/20070810212948id_/http://fantasy.premierleague.com/playerlist.html
DEF,Cathcart,Man. United,0,4.5,https://web.archive.org/web/20070810212948id_/http://fantasy.premierleague.com/playerlist.html
DEF,Davies,Middlesbrough,57,4.5,https://web.archive.org/web/20070810212948id_/http://fantasy.premierleague.com/playerlist.html
DEF,Riggott,Middlesbrough,5,4.5,https://web.archive.org/web/20070810212948id_/http://fantasy.premierleague.com/playerlist.html
DEF,Taylor,Middlesbrough,83,4.5,https://web.archive.org/web/20070810212948id_/http://fantasy.premierleague.com/playerlist.html
DEF,Ramage,Newcastle,48,4.5,https://web.archive.org/web/20070810212948id_/http://fantasy.premierleague.com/playerlist.html
DEF,Huntington,Newcastle,19,4.5,https://web.archive.org/web/20070810212948id_/http://fantasy.premierleague.com/playerlist.html
DEF,Pamarot,Portsmouth,56,4.5,https://web.archive.org/web/20070810212948id_/http://fantasy.premierleague.com/playerlist.html
DEF,Stefanovic,Portsmouth,65,4.5,https://web.archive.org/web/20070810212948id_/http://fantasy.premierleague.com/playerlist.html
DEF,Traore,Portsmouth,38,4.5,https://web.archive.org/web/20070810212948id_/http://fantasy.premierleague.com/playerlist.html
DEF,De La Cruz,Reading,40,4.5,https://web.archive.org/web/20070810212948id_/http://fantasy.premierleague.com/playerlist.html
DEF,Murty,Reading,66,4.5,https://web.archive.org/web/20070810212948id_/http://fantasy.premierleague.com/playerlist.html
DEF,Sonko,Reading,60,4.5,https://web.archive.org/web/20070810212948id_/http://fantasy.premierleague.com/playerlist.html
DEF,Ingimarsson,Reading,123,4.5,https://web.archive.org/web/20070810212948id_/http://fantasy.premierleague.com/playerlist.html
DEF,Halford,Sunderland,4,4.5,https://web.archive.org/web/20070810212948id_/http://fantasy.premierleague.com/playerlist.html
DEF,Gardner,Tottenham,10,4.5,https://web.archive.org/web/20070810212948id_/http://fantasy.premierleague.com/playerlist.html
DEF,Stalteri,Tottenham,13,4.5,https://web.archive.org/web/20070810212948id_/http://fantasy.premierleague.com/playerlist.html
DEF,Assou-Ekotto,Tottenham,43,4.5,https://web.archive.org/web/20070810212948id_/http://fantasy.premierleague.com/playerlist.html
DEF,Upson,West Ham,2,4.5,https://web.archive.org/web/20070810212948id_/http://fantasy.premierleague.com/playerlist.html
DEF,Davenport,West Ham,33,4.5,https://web.archive.org/web/20070810212948id_/http://fantasy.premierleague.com/playerlist.html
DEF,Collins,West Ham,44,4.5,https://web.archive.org/web/20070810212948id_/http://fantasy.premierleague.com/playerlist.html
DEF,Ferdinand,West Ham,83,4.5,https://web.archive.org/web/20070810212948id_/http://fantasy.premierleague.com/playerlist.html
DEF,Gabbidon,West Ham,34,4.5,https://web.archive.org/web/20070810212948id_/http://fantasy.premierleague.com/playerlist.html
DEF,Spector,West Ham,50,4.5,https://web.archive.org/web/20070810212948id_/http://fantasy.premierleague.com/playerlist.html
DEF,McCartney,West Ham,46,4.5,https://web.archive.org/web/20070810212948id_/http://fantasy.premierleague.com/playerlist.html
DEF,Scharner,Wigan,75,4.5,https://web.archive.org/web/20070810212948id_/http://fantasy.premierleague.com/playerlist.html
DEF,Melchiot,Wigan,0,4.5,https://web.archive.org/web/20070810212948id_/http://fantasy.premierleague.com/playerlist.html
DEF,Kelly,Birmingham,0,4.0,https://web.archive.org/web/20070810212948id_/http://fantasy.premierleague.com/playerlist.html
DEF,Sadler,Birmingham,0,4.0,https://web.archive.org/web/20070810212948id_/http://fantasy.premierleague.com/playerlist.html
DEF,Taylor,Birmingham,0,4.0,https://web.archive.org/web/20070810212948id_/http://fantasy.premierleague.com/playerlist.html
DEF,Tebily,Birmingham,0,4.0,https://web.archive.org/web/20070810212948id_/http://fantasy.premierleague.com/playerlist.html
DEF,Parnaby,Birmingham,21,4.0,https://web.archive.org/web/20070810212948id_/http://fantasy.premierleague.com/playerlist.html
DEF,Schmitz,Birmingham,0,4.0,https://web.archive.org/web/20070810212948id_/http://fantasy.premierleague.com/playerlist.html
DEF,Henchoz,Blackburn,31,4.0,https://web.archive.org/web/20070810212948id_/http://fantasy.premierleague.com/playerlist.html
DEF,Johnson M,Derby,0,4.0,https://web.archive.org/web/20070810212948id_/http://fantasy.premierleague.com/playerlist.html
DEF,Camara,Derby,0,4.0,https://web.archive.org/web/20070810212948id_/http://fantasy.premierleague.com/playerlist.html
DEF,Edworthy,Derby,0,4.0,https://web.archive.org/web/20070810212948id_/http://fantasy.premierleague.com/playerlist.html
DEF,Leacock,Derby,0,4.0,https://web.archive.org/web/20070810212948id_/http://fantasy.premierleague.com/playerlist.html
DEF,Moore,Derby,0,4.0,https://web.archive.org/web/20070810212948id_/http://fantasy.premierleague.com/playerlist.html
DEF,McEveley,Derby,7,4.0,https://web.archive.org/web/20070810212948id_/http://fantasy.premierleague.com/playerlist.html
DEF,Mears,Derby,6,4.0,https://web.archive.org/web/20070810212948id_/http://fantasy.premierleague.com/playerlist.html
DEF,Davis,Derby,45,4.0,https://web.archive.org/web/20070810212948id_/http://fantasy.premierleague.com/playerlist.html
DEF,Nyatanga,Derby,0,4.0,https://web.archive.org/web/20070810212948id_/http://fantasy.premierleague.com/playerlist.html
DEF,Griffin,Derby,0,4.0,https://web.archive.org/web/20070810212948id_/http://fantasy.premierleague.com/playerlist.html
DEF,Christanval,Fulham,49,4.0,https://web.archive.org/web/20070810212948id_/http://fantasy.premierleague.com/playerlist.html
DEF,Pearce,Fulham,52,4.0,https://web.archive.org/web/20070810212948id_/http://fantasy.premierleague.com/playerlist.html
DEF,Hughes,Fulham,43,4.0,https://web.archive.org/web/20070810212948id_/http://fantasy.premierleague.com/playerlist.html
DEF,Leijer,Fulham,0,4.0,https://web.archive.org/web/20070810212948id_/http://fantasy.premierleague.com/playerlist.html
DEF,Sun,Man. City,35,4.0,https://web.archive.org/web/20070810212948id_/http://fantasy.premierleague.com/playerlist.html
DEF,Mills D,Man. City,1,4.0,https://web.archive.org/web/20070810212948id_/http://fantasy.premierleague.com/playerlist.html
DEF,Bates,Middlesbrough,2,4.0,https://web.archive.org/web/20070810212948id_/http://fantasy.premierleague.com/playerlist.html
DEF,Wheater,Middlesbrough,9,4.0,https://web.archive.org/web/20070810212948id_/http://fantasy.premierleague.com/playerlist.html
DEF,Edgar,Newcastle,14,4.0,https://web.archive.org/web/20070810212948id_/http://fantasy.premierleague.com/playerlist.html
DEF,Carroll,Newcastle,4,4.0,https://web.archive.org/web/20070810212948id_/http://fantasy.premierleague.com/playerlist.html
DEF,O'Brien,Portsmouth,3,4.0,https://web.archive.org/web/20070810212948id_/http://fantasy.premierleague.com/playerlist.html
DEF,Bikey,Reading,38,4.0,https://web.archive.org/web/20070810212948id_/http://fantasy.premierleague.com/playerlist.html
DEF,Duberry,Reading,19,4.0,https://web.archive.org/web/20070810212948id_/http://fantasy.premierleague.com/playerlist.html
DEF,Nosworthy,Sunderland,0,4.0,https://web.archive.org/web/20070810212948id_/http://fantasy.premierleague.com/playerlist.html
DEF,Varga,Sunderland,0,4.0,https://web.archive.org/web/20070810212948id_/http://fantasy.premierleague.com/playerlist.html
DEF,Collins,Sunderland,0,4.0,https://web.archive.org/web/20070810212948id_/http://fantasy.premierleague.com/playerlist.html
DEF,Wright,Sunderland,0,4.0,https://web.archive.org/web/20070810212948id_/http://fantasy.premierleague.com/playerlist.html
DEF,Anderson,Sunderland,0,4.0,https://web.archive.org/web/20070810212948id_/http://fantasy.premierleague.com/playerlist.html
DEF,McShane,Sunderland,0,4.0,https://web.archive.org/web/20070810212948id_/http://fantasy.premierleague.com/playerlist.html
DEF,Ifil,Tottenham,1,4.0,https://web.archive.org/web/20070810212948id_/http://fantasy.premierleague.com/playerlist.html
DEF,Dailly,West Ham,17,4.0,https://web.archive.org/web/20070810212948id_/http://fantasy.premierleague.com/playerlist.html
DEF,Paintsil,West Ham,5,4.0,https://web.archive.org/web/20070810212948id_/http://fantasy.premierleague.com/playerlist.html
DEF,Granqvist,Wigan,0,4.0,https://web.archive.org/web/20070810212948id_/http://fantasy.premierleague.com/playerlist.html
DEF,Hall,Wigan,32,4.0,https://web.archive.org/web/20070810212948id_/http://fantasy.premierleague.com/playerlist.html
DEF,Taylor,Wigan,49,4.0,https://web.archive.org/web/20070810212948id_/http://fantasy.premierleague.com/playerlist.html
DEF,Boyce,Wigan,91,4.0,https://web.archive.org/web/20070810212948id_/http://fantasy.premierleague.com/playerlist.html
DEF,Bramble,Wigan,41,4.0,https://web.archive.org/web/20070810212948id_/http://fantasy.premierleague.com/playerlist.html
MID,Ronaldo,Man. United,244,12.0,https://web.archive.org/web/20070810212948id_/http://fantasy.premierleague.com/playerlist.html
MID,Lampard,Chelsea,202,11.0,https://web.archive.org/web/20070810212948id_/http://fantasy.premierleague.com/playerlist.html
MID,Gerrard,Liverpool,180,10.5,https://web.archive.org/web/20070810212948id_/http://fantasy.premierleague.com/playerlist.html
MID,Fabregas,Arsenal,182,9.5,https://web.archive.org/web/20070810212948id_/http://fantasy.premierleague.com/playerlist.html
MID,Cole J,Chelsea,16,9.0,https://web.archive.org/web/20070810212948id_/http://fantasy.premierleague.com/playerlist.html
MID,Robben,Chelsea,81,9.0,https://web.archive.org/web/20070810212948id_/http://fantasy.premierleague.com/playerlist.html
MID,Malouda,Chelsea,0,9.0,https://web.archive.org/web/20070810212948id_/http://fantasy.premierleague.com/playerlist.html
MID,Rosicky,Arsenal,83,8.5,https://web.archive.org/web/20070810212948id_/http://fantasy.premierleague.com/playerlist.html
MID,Ballack,Chelsea,77,8.5,https://web.archive.org/web/20070810212948id_/http://fantasy.premierleague.com/playerlist.html
MID,Arteta,Everton,178,8.5,https://web.archive.org/web/20070810212948id_/http://fantasy.premierleague.com/playerlist.html
MID,Giggs,Man. United,125,8.5,https://web.archive.org/web/20070810212948id_/http://fantasy.premierleague.com/playerlist.html
MID,Gamst Pedersen,Blackburn,155,8.0,https://web.archive.org/web/20070810212948id_/http://fantasy.premierleague.com/playerlist.html
MID,Essien,Chelsea,144,8.0,https://web.archive.org/web/20070810212948id_/http://fantasy.premierleague.com/playerlist.html
MID,Sidwell,Chelsea,134,8.0,https://web.archive.org/web/20070810212948id_/http://fantasy.premierleague.com/playerlist.html
MID,Babel,Liverpool,0,8.0,https://web.archive.org/web/20070810212948id_/http://fantasy.premierleague.com/playerlist.html
MID,Elano,Man. City,0,8.0,https://web.archive.org/web/20070810212948id_/http://fantasy.premierleague.com/playerlist.html
MID,Scholes,Man. United,132,8.0,https://web.archive.org/web/20070810212948id_/http://fantasy.premierleague.com/playerlist.html
MID,Nani,Man. United,0,8.0,https://web.archive.org/web/20070810212948id_/http://fantasy.premierleague.com/playerlist.html
MID,Anderson,Man. United,0,8.0,https://web.archive.org/web/20070810212948id_/http://fantasy.premierleague.com/playerlist.html
MID,Gilberto,Arsenal,141,7.5,https://web.archive.org/web/20070810212948id_/http://fantasy.premierleague.com/playerlist.html
MID,Barry,Aston Villa,147,7.5,https://web.archive.org/web/20070810212948id_/http://fantasy.premierleague.com/playerlist.html
MID,Wright-Phillips,Chelsea,71,7.5,https://web.archive.org/web/20070810212948id_/http://fantasy.premierleague.com/playerlist.html
MID,Cahill,Everton,70,7.5,https://web.archive.org/web/20070810212948id_/http://fantasy.premierleague.com/playerlist.html
MID,Park,Man. United,61,7.5,https://web.archive.org/web/20070810212948id_/http://fantasy.premierleague.com/playerlist.html
MID,Carrick,Man. United,106,7.5,https://web.archive.org/web/20070810212948id_/http://fantasy.premierleague.com/playerlist.html
MID,Barton,Newcastle,131,7.5,https://web.archive.org/web/20070810212948id_/http://fantasy.premierleague.com/playerlist.html
MID,Lennon,Tottenham,98,7.5,https://web.archive.org/web/20070810212948id_/http://fantasy.premierleague.com/playerlist.html
MID,Hleb,Arsenal,94,7.0,https://web.archive.org/web/20070810212948id_/http://fantasy.premierleague.com/playerlist.html
MID,Petrov,Aston Villa,94,7.0,https://web.archive.org/web/20070810212948id_/http://fantasy.premierleague.com/playerlist.html
MID,Bentley,Blackburn,145,7.0,https://web.archive.org/web/20070810212948id_/http://fantasy.premierleague.com/playerlist.html
MID,Nolan,Bolton,81,7.0,https://web.archive.org/web/20070810212948id_/http://fantasy.premierleague.com/playerlist.html
MID,Mikel,Chelsea,42,7.0,https://web.archive.org/web/20070810212948id_/http://fantasy.premierleague.com/playerlist.html
MID,Benayoun,Liverpool,88,7.0,https://web.archive.org/web/20070810212948id_/http://fantasy.premierleague.com/playerlist.html
MID,Alonso,Liverpool,112,7.0,https://web.archive.org/web/20070810212948id_/http://fantasy.premierleague.com/playerlist.html
MID,Pennant,Liverpool,90,7.0,https://web.archive.org/web/20070810212948id_/http://fantasy.premierleague.com/playerlist.html
MID,Geovanni,Man. City,0,7.0,https://web.archive.org/web/20070810212948id_/http://fantasy.premierleague.com/playerlist.html
MID,Downing,Middlesbrough,120,7.0,https://web.archive.org/web/20070810212948id_/http://fantasy.premierleague.com/playerlist.html
MID,Dyer,Newcastle,77,7.0,https://web.archive.org/web/20070810212948id_/http://fantasy.premierleague.com/playerlist.html
MID,Duff,Newcastle,51,7.0,https://web.archive.org/web/20070810212948id_/http://fantasy.premierleague.com/playerlist.html
MID,Taylor,Portsmouth,164,7.0,https://web.archive.org/web/20070810212948id_/http://fantasy.premierleague.com/playerlist.html
MID,Jenas,Tottenham,95,7.0,https://web.archive.org/web/20070810212948id_/http://fantasy.premierleague.com/playerlist.html
MID,Ljungberg,West Ham,36,7.0,https://web.archive.org/web/20070810212948id_/http://fantasy.premierleague.com/playerlist.html
MID,Boa Morte,West Ham,70,7.0,https://web.archive.org/web/20070810212948id_/http://fantasy.premierleague.com/playerlist.html
MID,Faubert,West Ham,0,7.0,https://web.archive.org/web/20070810212948id_/http://fantasy.premierleague.com/playerlist.html
MID,Denilson,Arsenal,17,6.5,https://web.archive.org/web/20070810212948id_/http://fantasy.premierleague.com/playerlist.html
MID,McSheffrey,Birmingham,0,6.5,https://web.archive.org/web/20070810212948id_/http://fantasy.premierleague.com/playerlist.html
MID,Speed,Bolton,151,6.5,https://web.archive.org/web/20070810212948id_/http://fantasy.premierleague.com/playerlist.html
MID,Makelele,Chelsea,81,6.5,https://web.archive.org/web/20070810212948id_/http://fantasy.premierleague.com/playerlist.html
MID,Bullard,Fulham,23,6.5,https://web.archive.org/web/20070810212948id_/http://fantasy.premierleague.com/playerlist.html
MID,Kewell,Liverpool,7,6.5,https://web.archive.org/web/20070810212948id_/http://fantasy.premierleague.com/playerlist.html
MID,Gonzalez,Liverpool,55,6.5,https://web.archive.org/web/20070810212948id_/http://fantasy.premierleague.com/playerlist.html
MID,Petrov,Man. City,0,6.5,https://web.archive.org/web/20070810212948id_/http://fantasy.premierleague.com/playerlist.html
MID,Fletcher,Man. United,64,6.5,https://web.archive.org/web/20070810212948id_/http://fantasy.premierleague.com/playerlist.html
MID,Hargreaves,Man. United,0,6.5,https://web.archive.org/web/20070810212948id_/http://fantasy.premierleague.com/playerlist.html
MID,Milner,Newcastle,114,6.5,https://web.archive.org/web/20070810212948id_/http://fantasy.premierleague.com/playerlist.html
MID,Muntari,Portsmouth,0,6.5,https://web.archive.org/web/20070810212948id_/http://fantasy.premierleague.com/playerlist.html
MID,Malbranque,Tottenham,60,6.5,https://web.archive.org/web/20070810212948id_/http://fantasy.premierleague.com/playerlist.html
MID,Flamini,Arsenal,48,6.0,https://web.archive.org/web/20070810212948id_/http://fantasy.premierleague.com/playerlist.html
MID,Berger,Aston Villa,44,6.0,https://web.archive.org/web/20070810212948id_/http://fantasy.premierleague.com/playerlist.html
MID,Maloney,Aston Villa,18,6.0,https://web.archive.org/web/20070810212948id_/http://fantasy.premierleague.com/playerlist.html
MID,Reid,Blackburn,6,6.0,https://web.archive.org/web/20070810212948id_/http://fantasy.premierleague.com/playerlist.html
MID,Dunn,Blackburn,14,6.0,https://web.archive.org/web/20070810212948id_/http://fantasy.premierleague.com/playerlist.html
MID,Campo,Bolton,123,6.0,https://web.archive.org/web/20070810212948id_/http://fantasy.premierleague.com/playerlist.html
MID,Wilhelmsson,Bolton,0,6.0,https://web.archive.org/web/20070810212948id_/http://fantasy.premierleague.com/playerlist.html
MID,Braaten,Bolton,0,6.0,https://web.archive.org/web/20070810212948id_/http://fantasy.premierleague.com/playerlist.html
MID,Diarra,Chelsea,20,6.0,https://web.archive.org/web/20070810212948id_/http://fantasy.premierleague.com/playerlist.html
MID,Osman,Everton,104,6.0,https://web.archive.org/web/20070810212948id_/http://fantasy.premierleague.com/playerlist.html
MID,Mascherano,Liverpool,25,6.0,https://web.archive.org/web/20070810212948id_/http://fantasy.premierleague.com/playerlist.html
MID,Leto,Liverpool,0,6.0,https://web.archive.org/web/20070810212948id_/http://fantasy.premierleague.com/playerlist.html
MID,O'Shea,Man. United,76,6.0,https://web.archive.org/web/20070810212948id_/http://fantasy.premierleague.com/playerlist.html
MID,Arca,Middlesbrough,68,6.0,https://web.archive.org/web/20070810212948id_/http://fantasy.premierleague.com/playerlist.html
MID,Emre,Newcastle,70,6.0,https://web.archive.org/web/20070810212948id_/http://fantasy.premierleague.com/playerlist.html
MID,Solano,Newcastle,74,6.0,https://web.archive.org/web/20070810212948id_/http://fantasy.premierleague.com/playerlist.html
MID,Kranjcar,Portsmouth,58,6.0,https://web.archive.org/web/20070810212948id_/http://fantasy.premierleague.com/playerlist.html
MID,O'Neil,Portsmouth,99,6.0,https://web.archive.org/web/20070810212948id_/http://fantasy.premierleague.com/playerlist.html
MID,Hunt,Reading,116,6.0,https://web.archive.org/web/20070810212948id_/http://fantasy.premierleague.com/playerlist.html
MID,Zokora,Tottenham,60,6.0,https://web.archive.org/web/20070810212948id_/http://fantasy.premierleague.com/playerlist.html
MID,Boateng,Tottenham,0,6.0,https://web.archive.org/web/20070810212948id_/http://fantasy.premierleague.com/playerlist.html
MID,Etherington,West Ham,63,6.0,https://web.archive.org/web/20070810212948id_/http://fantasy.premierleague.com/playerlist.html
MID,Parker,West Ham,92,6.0,https://web.archive.org/web/20070810212948id_/http://fantasy.premierleague.com/playerlist.html
MID,Koumas,Wigan,0,6.0,https://web.archive.org/web/20070810212948id_/http://fantasy.premierleague.com/playerlist.html
MID,Diaby,Arsenal,28,5.5,https://web.archive.org/web/20070810212948id_/http://fantasy.premierleague.com/playerlist.html
MID,Reo-Coker,Aston Villa,83,5.5,https://web.archive.org/web/20070810212948id_/http://fantasy.premierleague.com/playerlist.html
MID,Savage,Blackburn,44,5.5,https://web.archive.org/web/20070810212948id_/http://fantasy.premierleague.com/playerlist.html
MID,Tugay,Blackburn,82,5.5,https://web.archive.org/web/20070810212948id_/http://fantasy.premierleague.com/playerlist.html
MID,Stelios,Bolton,33,5.5,https://web.archive.org/web/20070810212948id_/http://fantasy.premierleague.com/playerlist.html
MID,Barnes,Derby,0,5.5,https://web.archive.org/web/20070810212948id_/http://fantasy.premierleague.com/playerlist.html
MID,Carsley,Everton,104,5.5,https://web.archive.org/web/20070810212948id_/http://fantasy.premierleague.com/playerlist.html
MID,Davies,Fulham,94,5.5,https://web.archive.org/web/20070810212948id_/http://fantasy.premierleague.com/playerlist.html
MID,Davis,Fulham,53,5.5,https://web.archive.org/web/20070810212948id_/http://fantasy.premierleague.com/playerlist.html
MID,Sissoko,Liverpool,28,5.5,https://web.archive.org/web/20070810212948id_/http://fantasy.premierleague.com/playerlist.html
MID,Boateng,Middlesbrough,85,5.5,https://web.archive.org/web/20070810212948id_/http://fantasy.premierleague.com/playerlist.html
MID,Cattermole,Middlesbrough,57,5.5,https://web.archive.org/web/20070810212948id_/http://fantasy.premierleague.com/playerlist.html
MID,Rochemback,Middlesbrough,61,5.5,https://web.archive.org/web/20070810212948id_/http://fantasy.premierleague.com/playerlist.html
MID,Davis,Portsmouth,78,5.5,https://web.archive.org/web/20070810212948id_/http://fantasy.premierleague.com/playerlist.html
MID,Mendes,Portsmouth,87,5.5,https://web.archive.org/web/20070810212948id_/http://fantasy.premierleague.com/playerlist.html
MID,Harper,Reading,109,5.5,https://web.archive.org/web/20070810212948id_/http://fantasy.premierleague.com/playerlist.html
MID,Seol,Reading,83,5.5,https://web.archive.org/web/20070810212948id_/http://fantasy.premierleague.com/playerlist.html
MID,Richardson,Sunderland,30,5.5,https://web.archive.org/web/20070810212948id_/http://fantasy.premierleague.com/playerlist.html
MID,Murphy,Tottenham,31,5.5,https://web.archive.org/web/20070810212948id_/http://fantasy.premierleague.com/playerlist.html
MID,Tainio,Tottenham,52,5.5,https://web.archive.org/web/20070810212948id_/http://fantasy.premierleague.com/playerlist.html
MID,Ghaly,Tottenham,51,5.5,https://web.archive.org/web/20070810212948id_/http://fantasy.premierleague.com/playerlist.html
MID,Routledge,Tottenham,45,5.5,https://web.archive.org/web/20070810212948id_/http://fantasy.premierleague.com/playerlist.html
MID,Bowyer,West Ham,54,5.5,https://web.archive.org/web/20070810212948id_/http://fantasy.premierleague.com/playerlist.html
MID,Sibierski,Wigan,62,5.5,https://web.archive.org/web/20070810212948id_/http://fantasy.premierleague.com/playerlist.html
MID,Gardner,Aston Villa,35,5.0,https://web.archive.org/web/20070810212948id_/http://fantasy.premierleague.com/playerlist.html
MID,Kapo,Birmingham,0,5.0,https://web.archive.org/web/20070810212948id_/http://fantasy.premierleague.com/playerlist.html
MID,Andranik,Bolton,42,5.0,https://web.archive.org/web/20070810212948id_/http://fantasy.premierleague.com/playerlist.html
MID,McCann,Bolton,74,5.0,https://web.archive.org/web/20070810212948id_/http://fantasy.premierleague.com/playerlist.html
MID,Dzemaili,Bolton,0,5.0,https://web.archive.org/web/20070810212948id_/http://fantasy.premierleague.com/playerlist.html
MID,Jones,Derby,0,5.0,https://web.archive.org/web/20070810212948id_/http://fantasy.premierleague.com/playerlist.html
MID,Van Der Meyde,Everton,13,5.0,https://web.archive.org/web/20070810212948id_/http://fantasy.premierleague.com/playerlist.html
MID,Pienaar,Everton,0,5.0,https://web.archive.org/web/20070810212948id_/http://fantasy.premierleague.com/playerlist.html
MID,Diop,Fulham,48,5.0,https://web.archive.org/web/20070810212948id_/http://fantasy.premierleague.com/playerlist.html
MID,Cook,Fulham,0,5.0,https://web.archive.org/web/20070810212948id_/http://fantasy.premierleague.com/playerlist.html
MID,Gelson,Man. City,0,5.0,https://web.archive.org/web/20070810212948id_/http://fantasy.premierleague.com/playerlist.html
MID,Ireland,Man. City,52,5.0,https://web.archive.org/web/20070810212948id_/http://fantasy.premierleague.com/playerlist.html
MID,Dabo,Man. City,19,5.0,https://web.archive.org/web/20070810212948id_/http://fantasy.premierleague.com/playerlist.html
MID,Miller,Man. City,18,5.0,https://web.archive.org/web/20070810212948id_/http://fantasy.premierleague.com/playerlist.html
MID,Eagles,Man. United,11,5.0,https://web.archive.org/web/20070810212948id_/http://fantasy.premierleague.com/playerlist.html
MID,N'Zogbia,Newcastle,40,5.0,https://web.archive.org/web/20070810212948id_/http://fantasy.premierleague.com/playerlist.html
MID,Butt,Newcastle,71,5.0,https://web.archive.org/web/20070810212948id_/http://fantasy.premierleague.com/playerlist.html
MID,Mvuemba,Portsmouth,15,5.0,https://web.archive.org/web/20070810212948id_/http://fantasy.premierleague.com/playerlist.html
MID,Gunnarsson,Reading,50,5.0,https://web.archive.org/web/20070810212948id_/http://fantasy.premierleague.com/playerlist.html
MID,Little,Reading,68,5.0,https://web.archive.org/web/20070810212948id_/http://fantasy.premierleague.com/playerlist.html
MID,Convey,Reading,28,5.0,https://web.archive.org/web/20070810212948id_/http://fantasy.premierleague.com/playerlist.html
MID,Fae,Reading,0,5.0,https://web.archive.org/web/20070810212948id_/http://fantasy.premierleague.com/playerlist.html
MID,Whitehead,Sunderland,0,5.0,https://web.archive.org/web/20070810212948id_/http://fantasy.premierleague.com/playerlist.html
MID,Edwards,Sunderland,0,5.0,https://web.archive.org/web/20070810212948id_/http://fantasy.premierleague.com/playerlist.html
MID,Huddlestone,Tottenham,64,5.0,https://web.archive.org/web/20070810212948id_/http://fantasy.premierleague.com/playerlist.html
MID,Kilbane,Wigan,90,5.0,https://web.archive.org/web/20070810212948id_/http://fantasy.premierleague.com/playerlist.html
MID,Landzaat,Wigan,80,5.0,https://web.archive.org/web/20070810212948id_/http://fantasy.premierleague.com/playerlist.html
MID,Valencia,Wigan,48,5.0,https://web.archive.org/web/20070810212948id_/http://fantasy.premierleague.com/playerlist.html
MID,Osbourne,Aston Villa,28,4.5,https://web.archive.org/web/20070810212948id_/http://fantasy.premierleague.com/playerlist.html
MID,Larsson,Birmingham,0,4.5,https://web.archive.org/web/20070810212948id_/http://fantasy.premierleague.com/playerlist.html
MID,De Ridder,Birmingham,0,4.5,https://web.archive.org/web/20070810212948id_/http://fantasy.premierleague.com/playerlist.html
MID,Mokoena,Blackburn,40,4.5,https://web.archive.org/web/20070810212948id_/http://fantasy.premierleague.com/playerlist.html
MID,Peter,Blackburn,8,4.5,https://web.archive.org/web/20070810212948id_/http://fantasy.premierleague.com/playerlist.html
MID,Tal,Bolton,32,4.5,https://web.archive.org/web/20070810212948id_/http://fantasy.premierleague.com/playerlist.html
MID,Guthrie,Bolton,3,4.5,https://web.archive.org/web/20070810212948id_/http://fantasy.premierleague.com/playerlist.html
MID,Alonso,Bolton,0,4.5,https://web.archive.org/web/20070810212948id_/http://fantasy.premierleague.com/playerlist.html
MID,Oakley,Derby,0,4.5,https://web.archive.org/web/20070810212948id_/http://fantasy.premierleague.com/playerlist.html
MID,De Silva,Everton,1,4.5,https://web.archive.org/web/20070810212948id_/http://fantasy.premierleague.com/playerlist.html
MID,Dempsey,Fulham,16,4.5,https://web.archive.org/web/20070810212948id_/http://fantasy.premierleague.com/playerlist.html
MID,Johnson,Man. City,40,4.5,https://web.archive.org/web/20070810212948id_/http://fantasy.premierleague.com/playerlist.html
MID,Hamann,Man. City,29,4.5,https://web.archive.org/web/20070810212948id_/http://fantasy.premierleague.com/playerlist.html
MID,Mendieta,Middlesbrough,9,4.5,https://web.archive.org/web/20070810212948id_/http://fantasy.premierleague.com/playerlist.html
MID,Euell,Middlesbrough,33,4.5,https://web.archive.org/web/20070810212948id_/http://fantasy.premierleague.com/playerlist.html
MID,Hughes,Portsmouth,33,4.5,https://web.archive.org/web/20070810212948id_/http://fantasy.premierleague.com/playerlist.html
MID,Oster,Reading,47,4.5,https://web.archive.org/web/20070810212948id_/http://fantasy.premierleague.com/playerlist.html
MID,Hysen,Sunderland,0,4.5,https://web.archive.org/web/20070810212948id_/http://fantasy.premierleague.com/playerlist.html
MID,Leadbitter,Sunderland,0,4.5,https://web.archive.org/web/20070810212948id_/http://fantasy.premierleague.com/playerlist.html
MID,Yorke,Sunderland,0,4.5,https://web.archive.org/web/20070810212948id_/http://fantasy.premierleague.com/playerlist.html
MID,Etuhu,Sunderland,0,4.5,https://web.archive.org/web/20070810212948id_/http://fantasy.premierleague.com/playerlist.html
MID,Taarabt,Tottenham,2,4.5,https://web.archive.org/web/20070810212948id_/http://fantasy.premierleague.com/playerlist.html
MID,Mullins,West Ham,66,4.5,https://web.archive.org/web/20070810212948id_/http://fantasy.premierleague.com/playerlist.html
MID,Noble,West Ham,37,4.5,https://web.archive.org/web/20070810212948id_/http://fantasy.premierleague.com/playerlist.html
MID,Brown,Wigan,77,4.5,https://web.archive.org/web/20070810212948id_/http://fantasy.premierleague.com/playerlist.html
MID,Skoko,Wigan,65,4.5,https://web.archive.org/web/20070810212948id_/http://fantasy.premierleague.com/playerlist.html
MID,Nafti,Birmingham,0,4.0,https://web.archive.org/web/20070810212948id_/http://fantasy.premierleague.com/playerlist.html
MID,Danns,Birmingham,0,4.0,https://web.archive.org/web/20070810212948id_/http://fantasy.premierleague.com/playerlist.html
MID,Johnson,Birmingham,0,4.0,https://web.archive.org/web/20070810212948id_/http://fantasy.premierleague.com/playerlist.html
MID,Muamba,Birmingham,0,4.0,https://web.archive.org/web/20070810212948id_/http://fantasy.premierleague.com/playerlist.html
MID,O'Brien,Bolton,0,4.0,https://web.archive.org/web/20070810212948id_/http://fantasy.premierleague.com/playerlist.html
MID,Malcolm,Derby,0,4.0,https://web.archive.org/web/20070810212948id_/http://fantasy.premierleague.com/playerlist.html
MID,Pearson,Derby,0,4.0,https://web.archive.org/web/20070810212948id_/http://fantasy.premierleague.com/playerlist.html
MID,Teale,Derby,18,4.0,https://web.archive.org/web/20070810212948id_/http://fantasy.premierleague.com/playerlist.html
MID,Smertin,Fulham,16,4.0,https://web.archive.org/web/20070810212948id_/http://fantasy.premierleague.com/playerlist.html
MID,Elliott,Fulham,0,4.0,https://web.archive.org/web/20070810212948id_/http://fantasy.premierleague.com/playerlist.html
MID,Elrich,Fulham,0,4.0,https://web.archive.org/web/20070810212948id_/http://fantasy.premierleague.com/playerlist.html
MID,Johnson,Middlesbrough,17,4.0,https://web.archive.org/web/20070810212948id_/http://fantasy.premierleague.com/playerlist.html
MID,Pattison,Newcastle,9,4.0,https://web.archive.org/web/20070810212948id_/http://fantasy.premierleague.com/playerlist.html
MID,Cisse,Reading,0,4.0,https://web.archive.org/web/20070810212948id_/http://fantasy.premierleague.com/playerlist.html
MID,Wallace,Sunderland,0,4.0,https://web.archive.org/web/20070810212948id_/http://fantasy.premierleague.com/playerlist.html
MID,Kavanagh,Sunderland,2,4.0,https://web.archive.org/web/20070810212948id_/http://fantasy.premierleague.com/playerlist.html
MID,Miller,Sunderland,0,4.0,https://web.archive.org/web/20070810212948id_/http://fantasy.premierleague.com/playerlist.html
MID,Quashie,West Ham,12,4.0,https://web.archive.org/web/20070810212948id_/http://fantasy.premierleague.com/playerlist.html
FWD,Drogba,Chelsea,170,12.0,https://web.archive.org/web/20070810212948id_/http://fantasy.premierleague.com/playerlist.html
FWD,Rooney,Man. United,184,12.0,https://web.archive.org/web/20070810212948id_/http://fantasy.premierleague.com/playerlist.html
FWD,Torres,Liverpool,0,10.0,https://web.archive.org/web/20070810212948id_/http://fantasy.premierleague.com/playerlist.html
FWD,Shevchenko,Chelsea,85,9.5,https://web.archive.org/web/20070810212948id_/http://fantasy.premierleague.com/playerlist.html
FWD,Kuyt,Liverpool,140,9.5,https://web.archive.org/web/20070810212948id_/http://fantasy.premierleague.com/playerlist.html
FWD,Owen,Newcastle,6,9.5,https://web.archive.org/web/20070810212948id_/http://fantasy.premierleague.com/playerlist.html
FWD,Berbatov,Tottenham,169,9.5,https://web.archive.org/web/20070810212948id_/http://fantasy.premierleague.com/playerlist.html
FWD,Bent D,Tottenham,137,9.5,https://web.archive.org/web/20070810212948id_/http://fantasy.premierleague.com/playerlist.html
FWD,Van Persie,Arsenal,108,9.0,https://web.archive.org/web/20070810212948id_/http://fantasy.premierleague.com/playerlist.html
FWD,Eduardo,Arsenal,0,9.0,https://web.archive.org/web/20070810212948id_/http://fantasy.premierleague.com/playerlist.html
FWD,McCarthy,Blackburn,151,9.0,https://web.archive.org/web/20070810212948id_/http://fantasy.premierleague.com/playerlist.html
FWD,Saha,Man. United,97,9.0,https://web.archive.org/web/20070810212948id_/http://fantasy.premierleague.com/playerlist.html
FWD,Martins,Newcastle,140,9.0,https://web.archive.org/web/20070810212948id_/http://fantasy.premierleague.com/playerlist.html
FWD,Keane,Tottenham,104,9.0,https://web.archive.org/web/20070810212948id_/http://fantasy.premierleague.com/playerlist.html
FWD,Anelka,Bolton,153,8.5,https://web.archive.org/web/20070810212948id_/http://fantasy.premierleague.com/playerlist.html
FWD,Johnson,Everton,139,8.5,https://web.archive.org/web/20070810212948id_/http://fantasy.premierleague.com/playerlist.html
FWD,Crouch,Liverpool,111,8.5,https://web.archive.org/web/20070810212948id_/http://fantasy.premierleague.com/playerlist.html
FWD,Tevez,Man. United,91,8.5,https://web.archive.org/web/20070810212948id_/http://fantasy.premierleague.com/playerlist.html
FWD,Adebayor,Arsenal,110,8.0,https://web.archive.org/web/20070810212948id_/http://fantasy.premierleague.com/playerlist.html
FWD,Carew,Aston Villa,48,8.0,https://web.archive.org/web/20070810212948id_/http://fantasy.premierleague.com/playerlist.html
FWD,Kalou,Chelsea,98,8.0,https://web.archive.org/web/20070810212948id_/http://fantasy.premierleague.com/playerlist.html
FWD,Pizarro,Chelsea,0,8.0,https://web.archive.org/web/20070810212948id_/http://fantasy.premierleague.com/playerlist.html
FWD,Voronin,Liverpool,0,8.0,https://web.archive.org/web/20070810212948id_/http://fantasy.premierleague.com/playerlist.html
FWD,Yakubu,Middlesbrough,136,8.0,https://web.archive.org/web/20070810212948id_/http://fantasy.premierleague.com/playerlist.html
FWD,Viduka,Newcastle,139,8.0,https://web.archive.org/web/20070810212948id_/http://fantasy.premierleague.com/playerlist.html
FWD,Defoe,Tottenham,109,8.0,https://web.archive.org/web/20070810212948id_/http://fantasy.premierleague.com/playerlist.html
FWD,Bellamy,West Ham,90,8.0,https://web.archive.org/web/20070810212948id_/http://fantasy.premierleague.com/playerlist.html
FWD,Walcott,Arsenal,36,7.5,https://web.archive.org/web/20070810212948id_/http://fantasy.premierleague.com/playerlist.html
FWD,Agbonlahor,Aston Villa,144,7.5,https://web.archive.org/web/20070810212948id_/http://fantasy.premierleague.com/playerlist.html
FWD,Bianchi,Man. City,0,7.5,https://web.archive.org/web/20070810212948id_/http://fantasy.premierleague.com/playerlist.html
FWD,Tuncay,Middlesbrough,0,7.5,https://web.archive.org/web/20070810212948id_/http://fantasy.premierleague.com/playerlist.html
FWD,Doyle,Reading,127,7.5,https://web.archive.org/web/20070810212948id_/http://fantasy.premierleague.com/playerlist.html
FWD,Young,Aston Villa,134,7.0,https://web.archive.org/web/20070810212948id_/http://fantasy.premierleague.com/playerlist.html
FWD,Roberts,Blackburn,46,7.0,https://web.archive.org/web/20070810212948id_/http://fantasy.premierleague.com/playerlist.html
FWD,Santa Cruz,Blackburn,0,7.0,https://web.archive.org/web/20070810212948id_/http://fantasy.premierleague.com/playerlist.html
FWD,Diouf,Bolton,103,7.0,https://web.archive.org/web/20070810212948id_/http://fantasy.premierleague.com/playerlist.html
FWD,McBride,Fulham,128,7.0,https://web.archive.org/web/20070810212948id_/http://fantasy.premierleague.com/playerlist.html
FWD,Vassell,Man. City,74,7.0,https://web.archive.org/web/20070810212948id_/http://fantasy.premierleague.com/playerlist.html
FWD,Bojinov,Man. City,0,7.0,https://web.archive.org/web/20070810212948id_/http://fantasy.premierleague.com/playerlist.html
FWD,Smith,Newcastle,19,7.0,https://web.archive.org/web/20070810212948id_/http://fantasy.premierleague.com/playerlist.html
FWD,Ameobi,Newcastle,34,7.0,https://web.archive.org/web/20070810212948id_/http://fantasy.premierleague.com/playerlist.html
FWD,Nugent,Portsmouth,0,7.0,https://web.archive.org/web/20070810212948id_/http://fantasy.premierleague.com/playerlist.html
FWD,Mido,Tottenham,18,7.0,https://web.archive.org/web/20070810212948id_/http://fantasy.premierleague.com/playerlist.html
FWD,Ashton,West Ham,0,7.0,https://web.archive.org/web/20070810212948id_/http://fantasy.premierleague.com/playerlist.html
FWD,Rigters,Blackburn,0,6.5,https://web.archive.org/web/20070810212948id_/http://fantasy.premierleague.com/playerlist.html
FWD,Davies,Bolton,99,6.5,https://web.archive.org/web/20070810212948id_/http://fantasy.premierleague.com/playerlist.html
FWD,Sinclair,Chelsea,2,6.5,https://web.archive.org/web/20070810212948id_/http://fantasy.premierleague.com/playerlist.html
FWD,Sahar,Chelsea,3,6.5,https://web.archive.org/web/20070810212948id_/http://fantasy.premierleague.com/playerlist.html
FWD,Vaughan,Everton,36,6.5,https://web.archive.org/web/20070810212948id_/http://fantasy.premierleague.com/playerlist.html
FWD,Kamara,Fulham,0,6.5,https://web.archive.org/web/20070810212948id_/http://fantasy.premierleague.com/playerlist.html
FWD,Mpenza,Man. City,37,6.5,https://web.archive.org/web/20070810212948id_/http://fantasy.premierleague.com/playerlist.html
FWD,Samaras,Man. City,86,6.5,https://web.archive.org/web/20070810212948id_/http://fantasy.premierleague.com/playerlist.html
FWD,Solskjaer,Man. United,65,6.5,https://web.archive.org/web/20070810212948id_/http://fantasy.premierleague.com/playerlist.html
FWD,Aliadiere,Middlesbrough,14,6.5,https://web.archive.org/web/20070810212948id_/http://fantasy.premierleague.com/playerlist.html
FWD,Utaka,Portsmouth,0,6.5,https://web.archive.org/web/20070810212948id_/http://fantasy.premierleague.com/playerlist.html
FWD,Kanu,Portsmouth,118,6.5,https://web.archive.org/web/20070810212948id_/http://fantasy.premierleague.com/playerlist.html
FWD,Lita,Reading,100,6.5,https://web.archive.org/web/20070810212948id_/http://fantasy.premierleague.com/playerlist.html
FWD,Heskey,Wigan,107,6.5,https://web.archive.org/web/20070810212948id_/http://fantasy.premierleague.com/playerlist.html
FWD,Bendtner,Arsenal,0,6.0,https://web.archive.org/web/20070810212948id_/http://fantasy.premierleague.com/playerlist.html
FWD,Derbyshire,Blackburn,53,6.0,https://web.archive.org/web/20070810212948id_/http://fantasy.premierleague.com/playerlist.html
FWD,Helguson,Bolton,61,6.0,https://web.archive.org/web/20070810212948id_/http://fantasy.premierleague.com/playerlist.html
FWD,McFadden,Everton,43,6.0,https://web.archive.org/web/20070810212948id_/http://fantasy.premierleague.com/playerlist.html
FWD,Anichebe,Everton,38,6.0,https://web.archive.org/web/20070810212948id_/http://fantasy.premierleague.com/playerlist.html
FWD,Bouazza,Fulham,98,6.0,https://web.archive.org/web/20070810212948id_/http://fantasy.premierleague.com/playerlist.html
FWD,Healy,Fulham,0,6.0,https://web.archive.org/web/20070810212948id_/http://fantasy.premierleague.com/playerlist.html
FWD,Corradi,Man. City,61,6.0,https://web.archive.org/web/20070810212948id_/http://fantasy.premierleague.com/playerlist.html
FWD,Luque,Newcastle,6,6.0,https://web.archive.org/web/20070810212948id_/http://fantasy.premierleague.com/playerlist.html
FWD,Lua-Lua,Portsmouth,40,6.0,https://web.archive.org/web/20070810212948id_/http://fantasy.premierleague.com/playerlist.html
FWD,Benjani,Portsmouth,91,6.0,https://web.archive.org/web/20070810212948id_/http://fantasy.premierleague.com/playerlist.html
FWD,Kitson,Reading,32,6.0,https://web.archive.org/web/20070810212948id_/http://fantasy.premierleague.com/playerlist.html
FWD,Zamora,West Ham,118,6.0,https://web.archive.org/web/20070810212948id_/http://fantasy.premierleague.com/playerlist.html
FWD,Camara,Wigan,68,6.0,https://web.archive.org/web/20070810212948id_/http://fantasy.premierleague.com/playerlist.html
FWD,Moore,Aston Villa,42,5.5,https://web.archive.org/web/20070810212948id_/http://fantasy.premierleague.com/playerlist.html
FWD,Harewood,Aston Villa,59,5.5,https://web.archive.org/web/20070810212948id_/http://fantasy.premierleague.com/playerlist.html
FWD,Jerome,Birmingham,0,5.5,https://web.archive.org/web/20070810212948id_/http://fantasy.premierleague.com/playerlist.html
FWD,O'Connor,Birmingham,0,5.5,https://web.archive.org/web/20070810212948id_/http://fantasy.premierleague.com/playerlist.html
FWD,Vaz Te,Bolton,27,5.5,https://web.archive.org/web/20070810212948id_/http://fantasy.premierleague.com/playerlist.html
FWD,Howard,Derby,0,5.5,https://web.archive.org/web/20070810212948id_/http://fantasy.premierleague.com/playerlist.html
FWD,Earnshaw,Derby,0,5.5,https://web.archive.org/web/20070810212948id_/http://fantasy.premierleague.com/playerlist.html
FWD,John,Fulham,35,5.5,https://web.archive.org/web/20070810212948id_/http://fantasy.premierleague.com/playerlist.html
FWD,Dickov,Man. City,25,5.5,https://web.archive.org/web/20070810212948id_/http://fantasy.premierleague.com/playerlist.html
FWD,Dong,Man. United,2,5.5,https://web.archive.org/web/20070810212948id_/http://fantasy.premierleague.com/playerlist.html
FWD,Lee Dong-Gook,Middlesbrough,11,5.5,https://web.archive.org/web/20070810212948id_/http://fantasy.premierleague.com/playerlist.html
FWD,Long,Reading,39,5.5,https://web.archive.org/web/20070810212948id_/http://fantasy.premierleague.com/playerlist.html
FWD,Murphy,Sunderland,0,5.5,https://web.archive.org/web/20070810212948id_/http://fantasy.premierleague.com/playerlist.html
FWD,Connolly,Sunderland,3,5.5,https://web.archive.org/web/20070810212948id_/http://fantasy.premierleague.com/playerlist.html
FWD,Chopra,Sunderland,0,5.5,https://web.archive.org/web/20070810212948id_/http://fantasy.premierleague.com/playerlist.html
FWD,Folan,Wigan,29,5.5,https://web.archive.org/web/20070810212948id_/http://fantasy.premierleague.com/playerlist.html
FWD,Aghahowa,Wigan,9,5.5,https://web.archive.org/web/20070810212948id_/http://fantasy.premierleague.com/playerlist.html
FWD,Forssell,Birmingham,0,5.0,https://web.archive.org/web/20070810212948id_/http://fantasy.premierleague.com/playerlist.html
FWD,Vine,Birmingham,0,5.0,https://web.archive.org/web/20070810212948id_/http://fantasy.premierleague.com/playerlist.html
FWD,Gallagher,Blackburn,22,5.0,https://web.archive.org/web/20070810212948id_/http://fantasy.premierleague.com/playerlist.html
FWD,Harsanyi,Bolton,0,5.0,https://web.archive.org/web/20070810212948id_/http://fantasy.premierleague.com/playerlist.html
FWD,Fagan,Derby,0,5.0,https://web.archive.org/web/20070810212948id_/http://fantasy.premierleague.com/playerlist.html
FWD,Macken,Derby,0,5.0,https://web.archive.org/web/20070810212948id_/http://fantasy.premierleague.com/playerlist.html
FWD,Runstrom,Fulham,1,5.0,https://web.archive.org/web/20070810212948id_/http://fantasy.premierleague.com/playerlist.html
FWD,Sturridge,Man. City,2,5.0,https://web.archive.org/web/20070810212948id_/http://fantasy.premierleague.com/playerlist.html
FWD,Craddock,Middlesbrough,0,5.0,https://web.archive.org/web/20070810212948id_/http://fantasy.premierleague.com/playerlist.html
FWD,John,Sunderland,0,5.0,https://web.archive.org/web/20070810212948id_/http://fantasy.premierleague.com/playerlist.html
FWD,Stokes,Sunderland,0,5.0,https://web.archive.org/web/20070810212948id_/http://fantasy.premierleague.com/playerlist.html
FWD,Cole,West Ham,30,5.0,https://web.archive.org/web/20070810212948id_/http://fantasy.premierleague.com/playerlist.html
FWD,Cotterill,Wigan,23,5.0,https://web.archive.org/web/20070810212948id_/http://fantasy.premierleague.com/playerlist.html
